DBN,DISTRICT,SCHOOL,SCHOOL LEVEL*,2010-2011 OVERALL SCORE,PRINCIPAL,2010-2011 OVERALL GRADE,2010-2011 PROGRESS CATEGORY SCORE,PROGRESS REPORT TYPE,2010-2011 PROGRESS GRADE,2010-2011 PERFORMANCE CATEGORY SCORE,PEER INDEX*,2010-2011 PERFORMANCE GRADE,2010-2011 ENVIRONMENT CATEGORY SCORE,2010-2011 ENVIRONMENT GRADE,2010-2011 ADDITIONAL CREDIT,2009-10 PROGRESS REPORT GRADE
14K031,14,P.S. 031 Samuel F. Dupont,Elementary,91.5,Mary J. Scarlato,A ,51.8,EMS,A ,22.4,40.44,A ,12.3,A ,5,A
14K257,14,P.S. 257 John F. Hylan,Elementary,91.4,Brian Leavy-Devale,A ,52.8,EMS,A ,14.3,64.82,A ,13.3,A ,11,A
27Q254,27,P.S. 254,Elementary,90.3,Naomi Drouillard,A ,50.4,EMS,A ,20.1,52.73,A ,12.3,A ,7.5,A
17K189,17,P.S. 189 Lincoln Terrace,K-8,89.4,Ms. Berthe G. Faustin,A ,53.1,EMS,A ,14.4,57.77,A ,9.9,A ,12,B
17K375,17,P.S. 375 Jackie-Robinson School,Elementary,89.2,Ms. Marion Wilson,A ,55.6,EMS,A ,13.3,61.15,B ,9.8,A ,10.5,B
15K172,15,P.S. 172 Beacon School of Excellence,Elementary,88.3,Jack Spatola,A ,44.4,EMS,A ,23.5,61.9,A ,14.4,A ,6,A
01M184,1,P.S. 184m Shuang Wen,K-8,86.8,Ling Ling Chou,A ,50.6,EMS,A ,20.9,28.13,A ,9.8,A ,5.5,A
27Q066,27,P.S. 066 Jacqueline Kennedy Onassis,Elementary,86.6,Phyllis Leinwand,A ,49.4,EMS,A ,18.6,52.67,A ,10.6,A ,8,A
02M002,2,P.S. 002 Meyer London,Elementary,83.8,Brett Gustafson,A ,54.6,EMS,A ,13.3,41.72,B ,8.9,A ,7,A
26Q046,26,P.S. 046 Alley Pond,Elementary,83.7,Marsha Goldberg,A ,46.9,EMS,A ,17.4,25.16,A ,11.8,A ,7.5,A
25Q219,25,P.S. 219 Paul Klapper,K-8,83.4,Frederick Wright,A ,48.5,EMS,A ,13.9,44.3,B ,6.5,B ,14.5,A
14K380,14,P.S. 380 John Wayne Elementary,Elementary,83.3,Diane Vitolo,A ,42.3,EMS,A ,19.9,58.9,A ,14.5,A ,6.5,A
31R008,31,P.S. 8 Shirlee Solomon,Elementary,82.1,Lisa Esposito,A ,48.5,EMS,A ,15.6,22.81,A ,11,A ,7,A
27Q060,27,P.S. 060 Woodhaven,Elementary,82.1,Frank Desario,A ,49.8,EMS,A ,17,51.21,A ,4.7,C ,10.5,A
16K040,16,P.S. 040 George W. Carver,Elementary,80.3,Leonie Hibbert,A ,56.4,EMS,A ,9,58.57,C ,7.9,B ,7,A
26Q041,26,P.S. 041 Crocheron,Elementary,80.1,Sari Latto,A ,45.6,EMS,A ,18.7,15.31,A ,12.8,A ,3,A
09X199,9,P.S. 199X - The Shakespeare School,Elementary,79.5,Lilia Navarrete,A ,51.7,EMS,A ,12.7,67.52,B ,6.6,B ,8.5,A
75K372,75,P.S. 372 -The Children's School,Elementary,79.2,Arthur Mattia,A ,37.4,D75,A ,23.3,,A ,14,A ,4.5,A
02M042,2,P.S. 042 Benjamin Altman,Elementary,79.2,Rosa Casiello O'Day,A ,49.6,EMS,A ,14.9,35.81,A ,10.1,A ,4.5,A
02M077,2,P.S. 77 Lower Lab School,Elementary,79.2,Mara Ratesic Koetke,A ,50.2,EMS,A ,18.8,9.89,A ,9.2,A ,1,A
26Q188,26,P.S. 188 Kingsbury,Elementary,79.1,Janet Caraisco,A ,48.3,EMS,A ,19.7,10.61,A ,9.6,A ,1.5,A
26Q133,26,P.S. 133 Queens,Elementary,79.1,Shelley Steppel,A ,44.6,EMS,A ,15.1,28.83,A ,9.9,A ,9.5,A
25Q029,25,P.S. 029 Queens,Elementary,78.2,Jennifer Jones,A ,47.8,EMS,A ,14.1,41.88,A ,7.8,B ,8.5,B
25Q024,25,P.S. 024 Andrew Jackson,Elementary,78,Lori Golan,A ,45.6,EMS,A ,13.3,32.74,B ,10.6,A ,8.5,A
04M083,4,P.S. 083 Luis Munoz Rivera,Elementary,77.8,Frances Castillo,A ,44.8,EMS,A ,18,55.24,A ,11,A ,4,A
24Q229,24,P.S. 229 Emanuel Kaplan,Elementary,77.7,Dr. Sibylle Ajwani,A ,44.7,EMS,A ,12.3,33.76,B ,9.7,A ,11,A
26Q205,26,P.S. 205 Alexander Graham Bell,Elementary,77.7,Karen Scott-Piazza,A ,49.2,EMS,A ,18.4,20.11,A ,9.1,A ,1,A
11X041,11,P.S. 041 Gun Hill Road,Elementary,77.6,Erika Tobia,A ,46.9,EMS,A ,10.9,61.49,B ,8.3,B ,11.5,A
04M108,4,P.S. 108 Assemblyman Angelo Del Toro Educational C,K-8,77.2,Lourdes Arroyo,A ,44.3,EMS,A ,13.5,61.75,B ,9.8,A ,9.5,B
75Q256,75,P.S. Q256,Middle,77,Oswaldo Roman,A ,48.5,D75,A ,13.3,,B ,10.7,A ,4.5,A
21K188,21,P.S. 188 Michael E. Berdy,Elementary,76.7,Frederick M. Tudda,A ,48.2,EMS,A ,8.5,55.32,C ,9.5,A ,10.5,C
32K116,32,P.S. 116 Elizabeth L Farrell,Elementary,76.7,Seiw Kong,A ,49.2,EMS,A ,10.7,65.47,B ,7.8,B ,9,A
20K247,20,P.S. 247 Brooklyn,Elementary,75.8,Christopher E. Ogno,A ,47.9,EMS,A ,16.3,31.03,A ,6,B ,5.5,A
75K053,75,P.S. K053,Middle,75.3,Heather Leykam,A ,41.3,D75,A ,14.7,,B ,14.8,A ,4.5,B
26Q191,26,P.S. 191 Mayflower,Elementary,74.6,Michael Ranieri,A ,43.3,EMS,A ,16.1,19.28,A ,13.2,A ,2,A
06M048,6,P.S. 048 P.O. Michael J. Buczek,Elementary,74,Tracy Walsh,A ,44.4,EMS,A ,10.6,66.13,B ,9.5,A ,9.5,B
30Q011,30,P.S. 011 Kathryn Phelan,Elementary,73.6,Anna Efkarpides,A ,44.1,EMS,A ,11.6,43.07,B ,10.4,A ,7.5,B
08X069,8,P.S. 069 The New Vision School,Elementary,73.6,Sheila Durant,A ,41.4,EMS,A ,14.5,61.49,A ,9.2,A ,8.5,A
02M290,2,P.S. 290 Manhattan New School,Elementary,73.6,Sharon Hill,A ,42.1,EMS,A ,14.9,12.01,A ,11.5,A ,5,A
28Q196,28,P.S. 196 Grand Central Parkway,Elementary,73.5,Susan Migliano,A ,43.2,EMS,A ,18.1,12.86,A ,10.2,A ,2,A
22K254,22,P.S. 254 Dag Hammarskjold,Elementary,73.4,Linda Alhonote,A ,45.4,EMS,A ,15.6,29.08,A ,7.9,B ,4.5,A
21K253,21,P.S. 253,Elementary,72.5,Lisa Speroni,A ,40.8,EMS,A ,10.6,46.73,B ,13.6,A ,7.5,A
22K134,22,P.S. K134,Elementary,72.5,Debra Ramsaran,A ,40.9,EMS,A ,16.4,52.01,A ,9.2,A ,6,A
20K164,20,P.S. 164 Caesar Rodney,Elementary,72.2,Margaret Choy-Shan,A ,38.5,EMS,A ,12.8,53.11,B ,12.8,A ,8,A
10X051,10,P.S. 051 Bronx New School,Elementary,72,Paul Smith,A ,47.8,EMS,A ,9.7,56.43,C ,10.5,A ,4,B
25Q079,25,P.S. 079 Francis Lewis,Elementary,71.7,Paula Marron,A ,49.3,EMS,A ,10.4,21.71,B ,4.5,C ,7.5,C
11X153,11,P.S. 153 Helen Keller,Elementary,71.6,Veronica Goka,A ,43.2,EMS,A ,12.8,47.32,B ,7.6,B ,8,B
03M165,3,P.S. 165 Robert E. Simon,K-8,71.6,Brett Gallini,A ,46,EMS,A ,8.4,57.58,C ,10.2,A ,7,B
20K112,20,P.S. 112 Lefferts Park,Elementary,71.1,Louise Verdemare (Alfano),A ,43.4,EMS,A ,11.3,33.25,B ,9.9,A ,6.5,B
16K026,16,P.S. 026 Jesse Owens,Elementary,70.8,Michele Ashley,A ,46.2,EMS,A ,11.4,59.52,B ,6.7,B ,6.5,C
30Q122,30,P.S. 122 Mamie Fay,K-8,70.6,Pamela Sabel,A ,44.5,EMS,A ,15.9,29.42,A ,6.7,B ,3.5,A
13K046,13,P.S. 046 Edward C. Blum,Elementary,70.3,Karyn Nicholson,A ,48.4,EMS,A ,8.8,63.34,C ,3.6,D ,9.5,A
26Q173,26,P.S. 173 Fresh Meadows,Elementary,70.3,Molly Wang,A ,39,EMS,A ,16.3,20.82,A ,8.5,A ,6.5,A
20K176,20,P.S. 176 Ovington,Elementary,70.1,Elizabeth Culkin,A ,41.4,EMS,A ,13.3,31.38,B ,9.4,A ,6,A
11X097,11,P.S. 097 Bronx,Elementary,70.1,Katheleen Bornkamp,A ,46.4,EMS,A ,9.6,49.19,C ,5.1,C ,9,B
14K034,14,P.S. 034 Oliver H. Perry,Elementary,70,Alicja Winnicki,A ,39.8,EMS,A ,16.2,29.81,A ,11,A ,3,B
27Q183,27,P.S. 183 Dr. Richard R. Green,K-8,69.9,Renee Peart,A ,43.4,EMS,A ,7.7,58.74,C ,10.8,A ,8,B
02M130,2,P.S. 130 Hernando De Soto,Elementary,69.8,Lily Woo,A ,37.7,EMS,A ,14.1,27.53,A ,12,A ,6,A
16K021,16,P.S. 021 Crispus Attucks,Elementary,69.7,Harold Anderson,A ,41.9,EMS,A ,13,54.39,B ,8.8,A ,6,A
23K323,23,P.S./I.S. 323,K-8,69.5,Linda Harris,A ,45.5,EMS,A ,6.4,58.97,C ,10.5,A ,7,B
25Q021,25,P.S. 021 Edward Hart,Elementary,69.5,Debra Buszko,A ,39.5,EMS,A ,14.2,35.03,A ,6.8,B ,9,B
30Q150,30,P.S. 150 Queens,Elementary,69.2,Carmen Parache,A ,40.9,EMS,A ,14.1,41.43,A ,6.7,B ,7.5,B
26Q186,26,P.S. 186 Castlewood,Elementary,69.1,Dolores Troy-Quinn,A ,40.4,EMS,A ,14.1,24.1,A ,11.1,A ,3.5,B
26Q203,26,P.S. 203 Oakland Gardens,Elementary,69.1,Carole Nussbaum,A ,35.6,EMS,A ,16.3,16.43,A ,11.2,A ,6,A
29Q034,29,P.S. 034 John Harvard,Elementary,68.8,Pauline Shakespeare,A ,40,EMS,A ,14.7,56.24,A ,6.6,B ,7.5,B
21K121,21,P.S. 121 Nelson A. Rockefeller,K-8,68.7,Lillian Catalano,A ,40.2,EMS,A ,12.3,44.85,B ,11.2,A ,5,A
07X030,7,P.S. 030 Wilton,Elementary,68.4,,A ,47.4,EMS,A ,6.5,66.7,C ,8,B ,6.5,A
06M153,6,P.S. 153 Adam Clayton Powell,Elementary,68.2,Karen Bailey,A ,40.1,EMS,A ,12.4,63.7,B ,9.6,A ,6,A
16K262,16,P.S. 262 El Hajj Malik El Shabazz Elementary Schoo,Elementary,68.1,Joeletha Ferguson,A ,38.8,EMS,A ,16.4,61.91,A ,6.8,B ,6,A
22K255,22,P.S. 255 Barbara Reing School,Elementary,67.9,Linda L. Singer,A ,41.8,EMS,A ,11.3,32.34,B ,9.8,A ,5,A
21K215,21,P.S. 215 Morris H. Weiss,Elementary,67.8,Antonella Bove,A ,42.8,EMS,A ,10.4,30.09,B ,6.6,B ,8,C
02M126,2,P.S. 126 Jacob August Riis,K-8,67.8,Jacqueline Getz,A ,41.1,EMS,A ,13.7,38.71,B ,6,C ,7,A
31R019,31,P.S. 019 The Curtis School,Elementary,67.6,Mary Petrone,A ,40.7,EMS,A ,10.7,53.45,B ,8.2,B ,8,B
10X056,10,P.S. 056 Norwood Heights,Elementary,67.1,Priscilla Sheeran,A ,42.5,EMS,A ,8.5,50.49,C ,10.1,A ,6,A
14K120,14,P.S. 120 Carlos Tapia,Elementary,66.9,Liza Caraballo,A ,39.6,EMS,A ,7.4,63.89,C ,12.4,A ,7.5,C
10X007,10,P.S. 007 Kingsbridge,Elementary,66.8,Frank Patterson,A ,42.1,EMS,A ,8.3,57.65,C ,11.4,A ,5,C
18K235,18,P.S. 235 Lenox School,K-8,66.6,Lisa Solitario,A ,39.6,EMS,A ,15.3,49.73,A ,9.2,A ,2.5,B
25Q022,25,P.S. 022 Thomas Jefferson,Elementary,66.5,Priscilla Milito,A ,41.6,EMS,A ,13,38.94,B ,5.9,C ,6,A
02M059,2,P.S. 059 Beekman Hill International,Elementary,66.5,Adele Schroeter,A ,40,EMS,A ,12.9,17.76,B ,9.6,A ,4,B
24Q087,24,P.S. 087 Middle Village,K-8,66.2,Caryn Michaeli,A ,38.8,EMS,A ,7.4,40.76,C ,9.5,A ,10.5,A
17K249,17,P.S. 249 The Caton,K-3,65.7,Ms. Elisa Brown,A ,22.8,EC,A ,17.5,60.54,A ,13.4,A ,12,A
75X017,75,P.S. X017,K-8,65.6,Robin Cohen,A ,38.1,D75,A ,12.2,,B ,9.3,A ,6,A
31R023,31,P.S. 023 Richmondtown,Elementary,65.4,Frank Campagna,A ,38.6,EMS,A ,10.9,19.18,B ,8.4,B ,7.5,B
28Q099,28,P.S. 099 Kew Gardens,Elementary,65.4,Paulette Foglio,A ,41.2,EMS,A ,12.9,37.31,B ,7.3,B ,4,A
20K163,20,P.S. 163 Bath Beach,Elementary,65.3,Maryann Wasmuth,A ,41.2,EMS,A ,9,37.45,C ,9.6,A ,5.5,A
30Q212,30,P.S. 212,Elementary,65,Carin Ilene Ellis,A ,38,EMS,A ,12.1,51.98,B ,9.3,A ,5.5,B
75K036,75,P.S. 36,Middle,64.9,Johanna Schneider,A ,41.8,D75,A ,9.1,,C ,10.9,A ,3,C
16K335,16,P.S. 335 Granville T. Woods,Elementary,64.9,Dr. Laverne Nimmons,A ,36.5,EMS,A ,13.7,65.93,B ,6.7,B ,8,B
15K295,15,P.S. 295,Elementary,64.7,Deanna Marco,A ,38.9,EMS,A ,11.5,47.65,B ,10.8,A ,3.5,A
24Q081,24,P.S. 81Q Jean Paul Richter,Elementary,64.7,Genevieve Ventura,A ,35,EMS,A ,9.6,56.53,C ,10.6,A ,9.5,A
17K241,17,P.S. 241 Emma L. Johnston,Elementary,64.6,Frantz Lucius,A ,36.4,EMS,A ,15.6,62.35,A ,7.6,B ,5,C
10X015,10,P.S. X015 Institute for Environmental Learning,K-8,64.3,Tara Edmonds,A ,32.4,EMS,B ,14.4,60.32,A ,13,A ,4.5,A
10X315,10,P.S. 315 Lab School,K-8,64.2,Elsie Cardona-Berardinelli,A ,33.4,EMS,B ,14.6,61.52,A ,11.2,A ,5,A
75Q004,75,P.S. Q004,Elementary,63.8,Marcy Berger,A ,32.4,D75,B ,13.4,,B ,12,A ,6,A
18K244,18,P.S. 244 Richard R. Green,Elementary,63.7,Ms. Grace Alesia,A ,36.2,EMS,A ,10,57.88,C ,11,A ,6.5,B
26Q026,26,P.S. 026 Rufus King,Elementary,63.4,Dina Koski,A ,34.6,EMS,A ,13.3,25.68,B ,7.5,B ,8,A
21K099,21,P.S. 099 Isaac Asimov,K-8,63.3,Gregory Pirraglia,A ,37.6,EMS,A ,9.8,41.34,C ,8.9,A ,7,A
24Q199,24,P.S. 199 Maurice A. Fitzgerald,Elementary,63.1,Anthony Inzerillo,A ,39.9,EMS,A ,11.7,48.28,B ,8.5,A ,3,B
26Q159,26,P.S. 159,Elementary,63.1,Marlene Zucker,A ,28.1,EMS,B ,16.3,22.52,A ,11.6,A ,7,A
20K069,20,P.S. 69 Vincent D. Grippo School,Elementary,63,Jaynemarie Capetanakis,A ,39.6,EMS,A ,7.3,37.82,C ,11.1,A ,5,A
03M199,3,P.S. 199 Jessie Isador Straus,Elementary,62.6,Katy Rosen,A ,36.5,EMS,A ,14.4,12.93,A ,8.2,B ,3.5,A
08X152,8,P.S. 152 Evergreen,Elementary,62.3,Frances Lynch,A ,36.7,EMS,A ,10.5,62.71,B ,8.1,B ,7,A
25Q130,25,P.S. 130,K-3,62.1,Michelle Contratti,A ,30,EC,A ,19.5,20.62,A ,8.6,B ,4,A
10X086,10,P.S. 086 Kingsbridge Heights,Elementary,61.7,Sheldon Benardo,A ,31.5,EMS,B ,10.7,62.16,B ,12.5,A ,7,A
24Q089,24,P.S. 089 Elmhurst,Elementary,61.7,Casper Cacioppo,A ,35.2,EMS,A ,12.3,55.76,B ,10.7,A ,3.5,A
15K130,15,P.S. 130 The Parkside,Elementary,61.6,Maria Nunziata,A ,36.8,EMS,A ,13.1,49.88,B ,8.2,B ,3.5,B
02M006,2,P.S. 006 Lillie D. Blake,Elementary,61.6,Lauren Fontana,A ,38.4,EMS,A ,13.9,11.23,B ,5.8,C ,3.5,B
29Q295,29,P.S./I.S. 295,K-8,61.5,Angela Thompson,A ,37.3,EMS,A ,11.2,39.74,B ,8,B ,5,B
29Q131,29,P.S. 131 Abigail Adams,Elementary,61.5,Randolph Ford,A ,34.8,EMS,A ,11.7,37.4,B ,10,A ,5,B
23K155,23,P.S./ I.S. 155 Nicholas Herkimer,K-8,61.5,Nelly Cortes,A ,39.3,EMS,A ,8.5,64.71,C ,8.2,B ,5.5,B
15K146,15,P.S. 146,Elementary,61.3,Anna Allanbrook,A ,32,EMS,B ,10.9,32.68,B ,10.4,A ,8,B
30Q149,30,P.S. 149 Christa Mcauliffe,Elementary,61.2,Esther Salorio,A ,33.8,EMS,B ,12.4,57.22,B ,11,A ,4,B
75M169,75,P.S. M169 - Robert F. Kennedy,Middle,61,Susan Finn,B ,43.8,D75,A ,6.7,,F ,6,D ,4.5,D
08X062,8,P.S. 062 Inocensio Casanova,Elementary,61,Lisa Manfredonia,A ,42.7,EMS,A ,6.7,64.26,C ,5.6,C ,6,B
20K205,20,P.S. 205 Clarion,Elementary,61,Beth Grater,A ,40.6,EMS,A ,9.1,39.83,C ,5.3,C ,6,B
26Q178,26,P.S./ IS 178 Holliswood,K-8,60.8,Jennifer Ambert,A ,34.8,EMS,A ,11,19.98,B ,7.9,B ,7,B
20K048,20,P.S. 048 Mapleton,Elementary,60.8,Diane Picucci,A ,39.3,EMS,A ,9.6,36.53,C ,5.4,C ,6.5,B
01M188,1,P.S. 188 The Island School,K-8,60.7,Mary Pree,A ,41.7,EMS,A ,7.9,64.17,C ,4.1,C ,7,C
25Q209,25,P.S. 209 Clearview Gardens,Elementary,60.6,Mary Mcdonnell,A ,37.6,EMS,A ,12.2,17.76,B ,9.8,A ,1,A
19K007,19,P.S. 007 Abraham Lincoln,Elementary,60.6,Nydia Acevedo,A ,36.4,EMS,A ,11.7,59.77,B ,8,B ,4.5,B
09X126,9,P.S. 126 Dr Marjorie H Dunbar,Elementary,60.5,Nadine Kee-Foster,A ,41.2,EMS,A ,6.5,64.36,C ,3.7,D ,9,B
15K321,15,P.S. 321 William Penn,Elementary,60.4,Elizabeth Phillips,A ,31.7,EMS,B ,15.3,14.03,A ,10.4,A ,3,A
20K192,20,P.S. 192 - The Magnet School for Math and Science,K-8,60.4,Liset Isaac,A ,41.4,EMS,A ,4.8,52,D ,9.2,A ,5,A
24Q102,24,P.S. 102 Bayview,K-8,60.3,Anthony Pisacano,A ,32.1,EMS,B ,10.6,38.15,B ,11.1,A ,6.5,A
26Q213,26,P.S. 213 The Carl Ullman School,Elementary,60.3,Kathleen Driscoll,A ,29.5,EMS,B ,13.7,20.7,B ,10.6,A ,6.5,A
21K090,21,P.S. 90 Edna Cohen School,Elementary,60.1,Greta Hawkins,A ,40.5,EMS,A ,7.2,53.89,C ,4.4,C ,8,B
28Q161,28,P.S. 161 Arthur Ashe School,Elementary,60,Jill Hoder,A ,31.1,EMS,B ,11.3,38.35,B ,10.6,A ,7,A
29Q195,29,P.S. 195 William Haberle,Elementary,60,Beryl Bailey,A ,38.2,EMS,A ,7.1,57.59,C ,8.2,B ,6.5,D
02M124,2,P.S. 124 Yung Wing,Elementary,59.9,Alice Hom,A ,33.1,EMS,B ,14.4,25.77,A ,7.4,B ,5,A
02M040,2,P.S. 040 Augustus Saint-Gaudens,Elementary,59.7,Susan Felder,A ,34.5,EMS,A ,12.1,15.61,B ,9.6,A ,3.5,A
21K097,21,P.S. 97 The Highlawn,Elementary,59.7,Kristine Mustillo,A ,37.2,EMS,A ,8.9,29.48,C ,8.6,A ,5,A
08X093,8,P.S. 093 Albert G. Oliver,Elementary,59.5,Donald Mattson,A ,37.8,EMS,A ,8.7,62.53,C ,7.5,B ,5.5,B
24Q019,24,P.S. 019 Marino Jeantet,Elementary,59.5,Genie Calibar,A ,31.4,EMS,B ,12.2,58.81,B ,11.4,A ,4.5,B
02M234,2,P.S. 234 Independence School,Elementary,59.4,Lisa Ripperger,A ,33.3,EMS,B ,12.9,9.76,B ,9.2,A ,4,B
03M009,3,P.S. 009 Sarah Anderson,Elementary,59.4,Diane Brady,A ,30.8,EMS,B ,16.9,19.13,A ,10.2,A ,1.5,B
27Q062,27,P.S. 062 Chester Park,Elementary,59.2,Angela O'Dowd,A ,39,EMS,A ,10.5,33.22,B ,6.7,B ,3,C
25Q184,25,P.S. 184 Flushing Manor,Elementary,59,Dora Pantelis,A ,31.5,EMS,B ,12.7,21.92,B ,10.3,A ,4.5,A
17K221,17,P.S. 221 Toussaint L'Ouverture,Elementary,59,Clara Moodie-Kirkland,A ,37.1,EMS,A ,8.5,61.29,C ,9.3,A ,4,C
27Q064,27,P.S. 064 Joseph P. Addabbo,Elementary,58.9,Nina Auster,A ,35.3,EMS,A ,9.9,39.66,C ,10.7,A ,3,C
20K200,20,P.S. 200 Benson School,Elementary,58.7,Javier Muniz,A ,39,EMS,A ,9.8,29.35,C ,4.4,C ,5.5,B
02M041,2,P.S. 041 Greenwich Village,Elementary,58.6,Kelly Shannon,A ,28.6,EMS,B ,12.6,12.16,B ,11.9,A ,5.5,B
20K105,20,P.S. 105 The Blythebourne,Elementary,58.6,Johanna Castronovo,A ,36.1,EMS,A ,9.1,33.76,C ,9.4,A ,4,A
25Q214,25,P.S. 214 Cadwallader Colden,Elementary,58.6,Denise Fuccillo,A ,32.9,EMS,B ,13.5,37.65,B ,10.7,A ,1.5,A
27Q106,27,P.S. 106,Elementary,58.6,Marcella Sills,A ,38.3,EMS,A ,15.2,62.78,A ,4.1,C ,1,B
27Q108,27,P.S. 108 Captain Vincent G. Fowler,Elementary,58.3,Marie Biondollilo,A ,28,EMS,B ,13.1,35.46,B ,10.2,A ,7,A
24Q049,24,P.S. 049 Dorothy Bonawit Kole,K-8,58.3,Anthony Lombardi,A ,32,EMS,B ,12.6,24.4,B ,6.7,B ,7,C
26Q266,26,P.S. / I.S. 266,K-8,58.2,Nicole Scott,A ,29.9,EMS,B ,13.3,23.38,B ,8,B ,7,B
75R373,75,P.S. R373,Elementary,58.2,Ilene Goldstein- Harn,A ,32.8,D75,B ,11.1,,C ,9.8,C ,4.5,B
26Q018,26,P.S. 018 Winchester,Elementary,57.9,Kathleen Peknic,A ,28.8,EMS,B ,16,22.69,A ,10.6,A ,2.5,A
23K041,23,P.S. 041 Francis White,K-8,57.9,Theresa Siegel,A ,39.4,EMS,A ,6,64.67,D ,5.5,C ,7,C
06M189,6,P.S. 189,Elementary,57.8,Theresa Luger,A ,33,EMS,B ,9.9,66.29,C ,8.9,A ,6,A
04M146,4,P.S. 146 Ann M. Short,Elementary,57.7,Mona Silfen,A ,42.3,EMS,A ,3.6,72.58,D ,5.3,C ,6.5,C
24Q013,24,P.S. 013 Clement C. Moore,Elementary,57.7,Dr. Yvonne Angelastro,A ,33.7,EMS,B ,11.9,45.71,B ,8.1,B ,4,B
25Q107,25,P.S. 107 Thomas A Dooley,Elementary,57.6,James Phair,A ,31,EMS,B ,11.3,28.32,B ,10.3,A ,5,B
09X073,9,P.S. 073 Bronx,Elementary,57.6,Jean Mirvil,A ,40.1,EMS,A ,3.8,64.58,D ,6.7,B ,7,B
28Q144,28,P.S. 144 Col Jeromus Remsen,Elementary,57.5,Reva Gluck Schneider,A ,37.2,EMS,A ,8,19.9,C ,7.3,B ,5,B
10X307,10,P.S. X307 - Eames Place,Elementary,57.5,Luisa Fuentes,A ,24.6,EMS,B ,18.6,59.62,A ,13.8,A ,0.5,A
15K131,15,P.S. 131 Brooklyn,Elementary,57.3,Ruth Quiles,A ,32.7,EMS,B ,9.4,53.24,C ,10.2,A ,5,A
08X048,8,P.S. 048 Joseph R. Drake,Elementary,57.3,Roxanne Cardona,A ,39,EMS,A ,8,64.11,C ,5.3,C ,5,B
30Q017,30,P.S. 017 Henry David Thoreau,Elementary,57.3,Cynthia Dickman,A ,40.6,EMS,A ,5.8,51.05,C ,5.9,C ,5,C
07X018,7,P.S. 018 John Peter Zenger,Elementary,57.3,Jasmin Varela,A ,41.3,EMS,A ,7.2,64.06,C ,2.3,F ,6.5,C
02M011,2,P.S. 011 William T. Harris,Elementary,57.1,Robert Bender,A ,28.2,EMS,B ,12.6,31.97,B ,11.3,A ,5,A
06M018,6,P.S. 018 Park Terrace,K-8,57.1,Connie Mejia,A ,32.9,EMS,B ,7.9,63.95,C ,11.8,A ,4.5,B
13K056,13,P.S. 056 Lewis H. Latimer,Elementary,57,Deborah Clark-Johnson,A ,34.4,EMS,A ,11.4,60.86,B ,9.2,A ,2,B
30Q084,30,P.S. 084 Steinway,K-8,57,John Buffa,B ,34.2,EMS,A ,7.9,40.37,C ,7.9,B ,7,C
12X211,12,P.S. 211,K-8,57,Betty Gonzalez-Soto,B ,38.6,EMS,A ,6.3,69.73,C ,8.1,B ,4,A
08X075,8,P.S. 075,Elementary,56.9,Marines Arrieta-Cruz,A ,37,EMS,A ,8.7,64.21,C ,5.7,C ,5.5,B
27Q232,27,P.S. 232 Lindenwood,K-8,56.9,Lisa Josephson,B ,28.3,EMS,B ,11.3,31.01,B ,8.8,A ,8.5,A
28Q055,28,P.S. 055 Maure,Elementary,56.8,Ralph K Honore,A ,39.5,EMS,A ,5.7,39.63,D ,4.6,C ,7,C
25Q163,25,P.S. 163 Flushing Heights,Elementary,56.8,Nicole Bullen,A ,34.1,EMS,A ,11.6,32.94,B ,6.6,B ,4.5,B
25Q164,25,P.S. 164 Queens Valley,K-8,56.7,Anne Alfonso,B ,28.9,EMS,B ,12.3,36.78,B ,6.5,B ,9,A
07X043,7,P.S. 043 Jonas Bronck,Elementary,56.7,Giovanna Delucchi,A ,34.4,EMS,A ,9.1,64.58,C ,8.1,B ,5,A
30Q069,30,P.S. 069 Jackson Heights,Elementary,56.7,Martha Vazquez,A ,32.6,EMS,B ,12.1,35.98,B ,8.5,A ,3.5,A
22K198,22,P.S. 198 Brooklyn,Elementary,56.5,Joy-Ann Morgan,B ,38.5,EMS,A ,7,52.51,C ,7,B ,4,C
12X214,12,P.S. 214,K-8,56.5,David Cintron,B ,33.8,EMS,B ,9.8,61.26,C ,8.9,A ,4,B
20K104,20,P.S./I.S. 104 The Fort Hamilton School,K-8,56.5,Ms. Marie Dibella,B ,29.6,EMS,B ,11.3,27.36,B ,8.1,B ,7.5,A
18K276,18,P.S. 276 Louis Marshall,Elementary,56.3,Yasmine Fidelia,B ,37.4,EMS,A ,6.8,55.12,C ,8.1,B ,4,C
25Q154,25,P.S. 154 Queens,Elementary,56.1,Danielle Giunta,B ,34,EMS,A ,11.8,35.32,B ,6.3,B ,4,C
12X212,12,P.S. 212,K-8,56.1,Yohan Lim,B ,37.5,EMS,A ,7.9,64.7,C ,6.2,B ,4.5,C
18K268,18,P.S. 268 Emma Lazarus,Elementary,56,Vangela Kirton,B ,37.1,EMS,A ,6.2,60.53,C ,9.7,A ,3,C
15K015,15,P.S. 015 Patrick F. Daly,Elementary,55.7,Peggy Wyns-Madison,B ,25.3,EMS,B ,12.9,65.63,B ,10,A ,7.5,A
24Q012,24,P.S. 012 James B. Colgate,Elementary,55.6,Patricia Perry,B ,26.9,EMS,B ,13.6,42.72,B ,12.1,A ,3,A
31R053,31,P.S. 053 Bay Terrace,Elementary,55.6,Annette Esposito,B ,31.3,EMS,B ,7.5,17.93,C ,10.3,A ,6.5,B
20K506,20,P.S. 506: The School of Journalism & Technology,Elementary,55.5,Elizabeth Waters,B ,35.5,EMS,A ,5.1,55.76,D ,10.9,A ,4,B
29Q052,29,P.S. 052 Queens,Elementary,55.4,Linda Pough,B ,33.1,EMS,B ,11,56.29,B ,6.3,B ,5,A
20K204,20,P.S. 204 Vince Lombardi,Elementary,55.4,Mrs. Marie Reilly,B ,32.3,EMS,B ,10.8,26.62,B ,10.8,A ,1.5,A
12X067,12,P.S. 067 Mohegan School,Elementary,55.3,Emily Grimball,B ,37.5,EMS,A ,7.8,64.09,C ,4.5,C ,5.5,C
20K127,20,P.S. 127 Mckinley Park,Elementary,55.2,Agatha Alicandro,B ,33.4,EMS,B ,8.1,35.97,C ,6.7,B ,7,D
02M033,2,P.S. 033 Chelsea Prep,Elementary,54.8,Linore Lindy,B ,29.5,EMS,B ,11,46.31,B ,13.3,A ,1,A
15K107,15,P.S. 107 John W. Kimball,Elementary,54.8,Cynthia Holton,B ,30.3,EMS,B ,12.6,16.77,B ,9.4,A ,2.5,A
04M171,4,P.S. 171 Patrick Henry,K-8,54.6,Dimitres Pantelidis,B ,23.5,EMS,C ,13.8,57.56,B ,10.3,A ,7,A
75X010,75,P.S. X010,Elementary,54.5,Barbara Hanson,B ,30.4,D75,B ,13.4,,B ,10.7,A ,0,A
26Q162,26,P.S. 162 John Golden,Elementary,54.5,Joan Casale,B ,28.8,EMS,B ,12.9,17.98,B ,9.8,A ,3,B
28Q121,28,P.S. 121 Queens,Elementary,54.4,Henry Somers,B ,27.8,EMS,B ,12.9,42.26,B ,7.7,B ,6,A
24Q068,24,P.S. 068 Cambridge,Elementary,54.4,Anne Marie Snadecky-Scalfaro,B ,32.9,EMS,B ,9.4,54.78,C ,8.6,A ,3.5,B
17K399,17,P.S. 399 Stanley Eugene Clark,Elementary,54.3,Marion J. Brown,B ,26.1,EMS,B ,15.8,58.55,A ,10.9,A ,1.5,A
11X178,11,P.S. 178 - Dr. Selman Waksman,Elementary,54.3,Evelyn Fulton,B ,39.9,EMS,A ,5,51.82,D ,4.9,C ,4.5,C
26Q094,26,P.S. 094 David D. Porter,Elementary,54.1,Joann Barbeosch,B ,26.1,EMS,B ,13.6,17.09,B ,11.9,A ,2.5,B
75Q009,75,P.S. 009,K-8,53.9,Robert Wojnarowski,A ,32,D75,B ,8.5,,D ,8.9,C ,4.5,B
32K123,32,P.S. 123 Suydam,Elementary,53.9,Veronica Greene,B ,26.7,EMS,B ,11.9,64.61,B ,9.3,A ,6,C
12X129,12,P.S. 129 Twin Parks Upper,Middle,53.7,Yvette Beasley,B ,29.7,EMS,B ,10.3,2.2,B ,7.1,B ,6.5,B
27Q114,27,P.S. / M.S. 114 Belle Harbor,K-8,53.7,Stephen P. Grill,B ,28.6,EMS,B ,12,11.73,B ,8.1,B ,5,B
17K191,17,P.S. 191 Paul Robeson,Elementary,53.7,Mrs. Elsi Capolongo,B ,34.8,EMS,A ,5.6,63.8,D ,7.8,B ,5.5,C
29Q176,29,P.S. 176 Cambria Heights,Elementary,53.6,Arlene Bartlett,B ,26.9,EMS,B ,13.3,55.05,B ,10.9,A ,2.5,C
21K225,21,P.S. K225 - The Eileen E. Zaglin,K-8,53.6,Joseph Montebello,B ,27.9,EMS,B ,7.4,40.72,C ,8.8,A ,9.5,A
02M212,2,P.S. 212 Midtown West,Elementary,53.6,Dean Ketchum,B ,22.9,EMS,C ,14.1,21.28,A ,10.6,A ,6,A
31R032,31,P.S. 032 The Gifford School,Elementary,53.4,Nancy Spataro,B ,35.3,EMS,A ,6.6,17.06,C ,4,C ,7.5,B
21K226,21,P.S. 226 Alfred De B.Mason,K-8,53.4,Sherry Tannenbaum,B ,31,EMS,B ,8.7,42.38,C ,9.2,A ,4.5,A
21K177,21,P.S. 177 The Marlboro,Elementary,53.3,Shoshana Singer,B ,30.7,EMS,B ,11.3,37.6,B ,7.7,B ,3.5,A
02M051,2,P.S. 051 Elias Howe,Elementary,53.3,Nancy Sing Bock,B ,28.9,EMS,B ,10.9,48.03,B ,11,A ,2.5,B
21K329,21,P.S. 329 Surfside,Elementary,53.3,Salema Marbury,B ,30.2,EMS,B ,9.5,58.95,C ,9.6,A ,4,C
29Q136,29,P.S. 136 Roy Wilkins,Elementary,53.2,Tanya S.T. Walker,B ,36.9,EMS,A ,7.3,57.26,C ,3.5,D ,5.5,B
24Q153,24,P.S. 153 Maspeth Elem,Elementary,53.2,Susan Bauer,B ,32.6,EMS,B ,9.9,36.44,C ,6.7,B ,4,A
18K219,18,P.S. 219 Kennedy-King,Elementary,53,Ms. Winsome Smith,B ,34.2,EMS,A ,9,60.32,C ,6.3,B ,3.5,C
11X019,11,P.S. 019 Judith K. Weiss,K-8,53,Timothy P. Sullivan,B ,32.4,EMS,B ,8.1,24.8,C ,7.5,B ,5,C
21K199,21,P.S. 199 Frederick Wachtel,Elementary,52.9,Rosalia Bacarella,B ,34.2,EMS,A ,10.3,36.34,B ,4.4,C ,4,B
22K222,22,P.S. 222 Katherine R. Snyder,Elementary,52.9,Louise Blake,B ,25.1,EMS,B ,14.8,29.49,A ,9.9,A ,3,A
27Q124,27,P.S. 124 Osmond A Church,K-8,52.6,Valarie Lewis,B ,22.8,EMS,C ,10.2,40.45,C ,11,A ,8.5,C
06M028,6,P.S. 028 Wright Brothers,Elementary,52.5,Elsa Nunez,B ,30.9,EMS,B ,7.2,64.68,C ,9.9,A ,4.5,A
31R050,31,P.S. 050 Frank Hankinson,Elementary,52.5,Sharon Fine,B ,33.4,EMS,B ,10,17.14,C ,6.1,B ,3,B
27Q155,27,P.S. 155,Elementary,52.4,Dorothy Morris,B ,34.4,EMS,A ,6.5,49.16,C ,7.5,B ,4,C
27Q097,27,P.S. 097 Forest Park,Elementary,52.4,Maureen Ingram,B ,29.1,EMS,B ,13.5,53.98,B ,7.3,B ,2.5,A
19K290,19,P.S. 290 Juan Morel Campos,Elementary,52.2,Willena George,B ,27.9,EMS,B ,11,60.53,B ,9.8,A ,3.5,B
75X723,75,P.S. 723,Middle,52,Christine Walsh,B ,28.6,D75,C ,10,,C ,10.4,A ,3,C
75K771,75,P.S. K771,K-8,51.9,Denise D'Anna,B ,27.5,D75,C ,12.1,,B ,12.2,A ,0,A
75K368,75,P.S. 368,Middle,51.9,Joycelyn Nedd,B ,35.3,D75,B ,8.8,,D ,4.8,F ,3,D
31R030,31,P.S. 030 Westerleigh,Elementary,51.9,Mrs. Denise N. Spina,B ,33.7,EMS,B ,8.4,23.04,C ,3.8,C ,6,C
31R046,31,P.S. 046 Albert V. Maniscalco,Elementary,51.8,Andrea Maffeo,B ,31,EMS,B ,6.8,43.04,C ,9.5,A ,4.5,D
30Q002,30,P.S. 002 Alfred Zimberg,Elementary,51.8,Joseph Taddeo,B ,30.9,EMS,B ,7.9,37.93,C ,7.5,B ,5.5,A
06M173,6,P.S. 173,Elementary,51.8,Dawn Boursiquot,B ,35,EMS,A ,8.2,60.09,C ,4.6,C ,4,B
25Q169,25,P.S. 169 Bay Terrace,Elementary,51.7,Vanessa Rosa,B ,29,EMS,B ,9.2,18.79,C ,11.5,A ,2,C
22K245,22,P.S. 245,Elementary,51.6,Pat Kannengieser,B ,25.4,EMS,B ,13,61.79,B ,12.7,A ,0.5,A
75Q224,75,P.S. Q224,Elementary,51.6,Desmond Park,B ,28.5,D75,B ,12.4,,B ,10.7,A ,0,B
25Q242,25,P.S. 242 Leonard P. Stavisky Early Childhood Schoo,K-3,51.2,Patricia Costa,A ,22.1,EC,A ,18.6,30.93,A ,7.5,B ,3,A
30Q078,30,P.S. 078,Elementary,51,Louis Pavone,B ,29.1,EMS,B ,10.5,32.36,B ,11.4,A ,0,B
02M158,2,P.S. 158 Bayard Taylor,Elementary,50.9,Darryl Alhadeff,B ,28.9,EMS,B ,16,16.48,A ,3.9,C ,2,A
27Q090,27,P.S. 090 Horace Mann,Elementary,50.9,Adrienne Ubertini,B ,28.8,EMS,B ,10.3,47.23,B ,7.3,B ,4.5,B
17K138,17,P.S. 138 Brooklyn,K-8,50.9,Ms. Marie Chauvet-Monchik,B ,27.7,EMS,B ,9.2,61,C ,8.5,A ,5.5,A
20K102,20,P.S. 102 The Bayview,Elementary,50.7,Ms. Theresa Dovi,B ,27.2,EMS,B ,12.3,32.72,B ,6.7,B ,4.5,B
06M008,6,P.S. 008 Luis Belliard,Elementary,50.6,Rafaela Landin,B ,30.8,EMS,B ,8.5,67.11,C ,10.8,A ,0.5,A
20K186,20,P.S. 186 Dr. Irving A Gladstone,Elementary,50.5,Bayan (Ebeid) Cadotte,B ,30.8,EMS,B ,7.3,33.05,C ,8.9,A ,3.5,B
21K212,21,P.S. 212 Lady Deborah Moody,Elementary,50.5,Josephine Marsella,B ,28.6,EMS,B ,8.2,45.46,C ,9.7,A ,4,B
19K214,19,P.S. 214 Michael Friedsam,Elementary,50.4,Patricia Tubridy,B ,30.7,EMS,B ,7.2,47.89,C ,8,B ,4.5,B
22K197,22,P.S. 197 Brooklyn,Elementary,50.4,Rosemarie Barbiere Nicoletti,B ,26.6,EMS,B ,9.2,41.35,C ,9.1,A ,5.5,A
03M241,3,P.S. 241 Family Academy,K-8,50.2,Diana Diaz,B ,31.2,EMS,B ,5.2,65.26,D ,9.8,A ,4,C
17K397,17,P.S. 397 Foster-Laurie,Elementary,50.2,Nancy Colon,B ,32.3,EMS,B ,6.9,60.82,C ,9.5,A ,1.5,B
24Q014,24,P.S. 014 Fairview,Elementary,50,Rosemary Sklar,B ,25.1,EMS,B ,9.9,55.69,C ,11.5,A ,3.5,A
06M004,6,P.S. 004 Duke Ellington,Elementary,50,Delois White,B ,33.2,EMS,B ,5.3,64.66,D ,7.5,B ,4,B
24Q016,24,P.S. Q016,Elementary,49.9,Elaine Iodice,B ,22.9,EMS,C ,11.8,57.34,B ,12.7,A ,2.5,B
31R001,31,P.S. 001 Tottenville,Elementary,49.9,Diane Gordin,B ,25,EMS,B ,11,18.63,B ,8.4,B ,5.5,B
12X066,12,P.S. 066 School of Higher Expectations,Elementary,49.8,Thomas Degrazia,B ,28.3,EMS,B ,9,65.41,C ,8.5,A ,4,B
30Q171,30,P.S. 171 Peter G. Van Alst,Elementary,49.7,Anne Bussel,B ,33.6,EMS,B ,6.6,55.43,C ,7,B ,2.5,C
18K135,18,P.S. 135 Sheldon A. Brookner,Elementary,49.5,Trevlyn Mcrae,B ,30,EMS,B ,9.1,58.72,C ,8.9,A ,1.5,B
25Q201,25,P.S. 201 The Discovery School for Inquiry and Rese,Elementary,49.5,Rebecca Lozada,B ,32.2,EMS,B ,6.2,53.38,C ,4,C ,7,A
14K084,14,P.S. 084 Jose De Diego,Elementary,49.5,Sereida Rodriguez,B ,33.3,EMS,B ,2.5,58.95,D ,7.7,B ,6,C
25Q020,25,P.S. 020 John Bowne,Elementary,49.4,Victoria Hart,B ,25.8,EMS,B ,10.6,40.79,B ,8,B ,5,B
75K369,75,P.S. K369 - Coy L. Cox School,K-8,49.4,Rudy Giuliani,B ,27.6,D75,C ,8.6,,C ,10.2,A ,3,B
30Q070,30,P.S. 070 Queens,Elementary,49.3,Donna Geller,B ,27.6,EMS,B ,9.6,41.75,C ,5.6,C ,6.5,C
11X078,11,P.S. 078 Anne Hutchinson,Elementary,49.3,Claudina Skerritt,B ,33.2,EMS,B ,5.8,58.84,C ,5.3,C ,5,C
07X025,7,P.S. 025 Bilingual School,Elementary,49.3,Carmen Toledo,B ,25.7,EMS,B ,11.5,70.41,B ,9.6,A ,2.5,A
27Q146,27,P.S. 146 Howard Beach,K-8,49.2,James Mckeon,B ,26.5,EMS,B ,7.5,31.12,C ,7.2,B ,8,B
11X103,11,P.S. 103 Hector Fontanez,Elementary,49.2,Farid Reyes,B ,32.7,EMS,B ,6,57.41,C ,5.5,C ,5,B
26Q221,26,P.S. 221 The North Hills School,Elementary,49.2,Sheelia Twomey,B ,16.9,EMS,C ,16.9,16.02,A ,12.4,A ,3,A
31R045,31,P.S. 045 John Tyler,Elementary,49.1,Christine Chavez,B ,31.6,EMS,B ,7.3,40,C ,5.7,C ,4.5,C
18K066,18,P.S. 66,K-8,49.1,Lucille Jackson,B ,24.4,EMS,C ,11.5,51.32,B ,9.1,A ,4,A
29Q015,29,P.S. 015 Jackie Robinson,Elementary,49.1,Antonio K'Tori,B ,30.5,EMS,B ,8.7,50.44,C ,7.4,B ,2.5,C
22K251,22,P.S. 251 Paerdegat,Elementary,49,Steven Boyer,B ,32.3,EMS,B ,7.6,56.81,C ,6.1,B ,3,C
01M063,1,P.S. 063 William McKinley,Elementary,49,Darlene Despeignes,B ,29,EMS,B ,10.4,58.85,B ,8.1,B ,1.5,B
07X005,7,P.S. 005 Port Morris,Elementary,48.8,Mary Padilla,B ,27,EMS,B ,8,67.54,C ,10.7,A ,3,C
26Q098,26,P.S. 098 The Douglaston School,Elementary,48.8,Sheila Huggins,B ,26.4,EMS,B ,15.3,8.92,A ,7,B ,0,B
03M076,3,P.S. 076 A. Philip Randolph,K-8,48.8,Charles Deberry,B ,26.6,EMS,B ,6.6,60.79,C ,11.1,A ,4.5,C
09X035,9,P.S. 035 Franz Siegel,Elementary,48.8,Graciela Navarro,B ,23.8,EMS,C ,12.4,61.38,B ,8.1,B ,4.5,C
01M019,1,P.S. 019 Asher Levy,Elementary,48.7,Jacqueline Flanagan,B ,35.1,EMS,A ,5.2,49.48,D ,7.8,B ,0.5,C
10X003,10,P.S. 3 Raul Julia Micro Society,K-8,48.6,Denise Brown,B ,29.8,EMS,B ,9.9,62.92,C ,3.4,D ,5.5,A
27Q065,27,P.S. 65 - The Raymond York Elementary School,Elementary,48.6,Rafael Morales,B ,27.4,EMS,B ,8,41.93,C ,8.7,A ,4.5,C
27Q045,27,P.S. 045 Clarence Witherspoon,Elementary,48.5,Samantha Severin,B ,32.6,EMS,B ,9.9,54.65,C ,4,C ,2,B
29Q208,29,P.S. / I.S. 208,K-8,48.5,James Philemy,B ,25.5,EMS,B ,12.5,42.98,B ,10.5,A ,0,B
23K284,23,P.S. 284 Lew Wallace,K-8,48.5,Shenean Lindsay,B ,32.5,EMS,B ,5.3,64.26,D ,6.2,B ,4.5,C
27Q104,27,P.S. 104 The Bays Water,Elementary,48.4,Katie Grady,B ,28.7,EMS,B ,6.7,58.03,C ,10,A ,3,C
11X083,11,P.S. 083 Donald Hertz,K-8,48.4,Benjamin Soccodato,B ,29,EMS,B ,9.3,42.99,C ,7.6,B ,2.5,C
12X047,12,P.S. 047 John Randolph,Elementary,48.3,Thomas Guarnieri,B ,24.7,EMS,B ,7.4,59.16,C ,11.7,A ,4.5,C
28Q050,28,P.S. 050 Talfourd Lawn Elementary School,Elementary,48.3,Rina Manjarrez,B ,31.2,EMS,B ,9.8,54.26,C ,4.2,C ,3,B
27Q063,27,P.S. 063 Old South,Elementary,48.3,Diane Marino Coleman,B ,21.7,EMS,C ,12.2,44.25,B ,9.4,A ,5,A
01M020,1,P.S. 020 Anna Silver,Elementary,48.2,James Lee,B ,31.1,EMS,B ,7.4,56.65,C ,7.7,B ,2,A
19K089,19,P.S. 089 Cypress Hills,K-8,48.1,Irene Leon,B ,31.8,EMS,B ,4.7,64.68,D ,10.1,A ,1.5,B
11X068,11,P.S. 068 Bronx,Elementary,48,Catherine Helfrich,B ,27,EMS,B ,9,61.72,C ,5.9,C ,6,B
15K058,15,P.S. 058 The Carroll,Elementary,47.9,Giselle Mcgee,B ,29.2,EMS,B ,7.9,18.61,C ,8.3,B ,2.5,A
31R036,31,P.S. 036 J. C. Drumgoole,Elementary,47.9,Barbara Bellafatto,B ,35.1,EMS,A ,6.2,13.77,C ,2.1,F ,4.5,C
19K065,19,P.S. 065,Elementary,47.8,Daysi Garcia,B ,20.4,EMS,C ,13.8,57.47,B ,12.1,A ,1.5,A
11X096,11,P.S. 096 Richard Rodgers,Elementary,47.7,Marta Garcia,B ,25,EMS,B ,12.7,50.84,B ,7,B ,3,B
75Q023,75,P.S. Q023 @ Queens Children Center,K-8,47.6,Jacqueline Jones,B ,21.9,D75,C ,9.1,,C ,9.1,B ,7.5,B
22K139,22,P.S. 139 Alexine A. Fenty,Elementary,47.6,Mary Mcdonald,B ,31.1,EMS,B ,9.2,52.05,C ,4.7,C ,2.5,C
10X279,10,"P.S. 279 Captain Manuel Rivera, Jr.",K-8,47.6,James Waslawski,B ,28.8,EMS,B ,7,64.33,C ,8.8,A ,3,B
06M187,6,P.S./I.S. 187 Hudson Cliffs,K-8,47.6,Ms. Cynthia Chory,B ,28.6,EMS,B ,10.2,41.43,C ,7.3,B ,1.5,A
08X119,8,P.S. 119,Elementary,47.5,Lydia Tyner,B ,31.6,EMS,B ,7.1,48.85,C ,5.8,C ,3,C
28Q040,28,P.S. 040 Samuel Huntington,Elementary,47.5,Alison Branker,B ,30.7,EMS,B ,6.2,59.62,C ,8.5,A ,2,D
09X053,9,P.S. 053 Basheer Quisim,Elementary,47.5,Collin Wolfe,B ,26,EMS,B ,11.2,62.55,B ,3.8,C ,6.5,C
19K108,19,P.S. 108 Sal Abbracciamento,Elementary,47.4,Constance Hahn,B ,24.7,EMS,B ,9.6,58.33,C ,8.6,A ,4.5,B
31R026,31,P.S. 026 The Carteret School,Elementary,47.4,Laura Kump/Joanne Mecane,B ,29.6,EMS,B ,9.2,37.68,C ,7.5,B ,1,C
03M180,3,P.S. 180 Hugo Newman,K-8,47.3,Peter Mcfarlane,B ,26.1,EMS,B ,9.4,53.15,C ,9.7,A ,2,C
15K001,15,P.S. 001 The Bergen,Elementary,47.2,Jennifer Eusanio,B ,26.4,EMS,B ,11.6,61.04,B ,8.7,A ,0.5,C
22K217,22,P.S. 217 Colonel David Marcus School,Elementary,47,Franca Conti,B ,26,EMS,B ,8.6,40.33,C ,9.4,A ,3,B
17K181,17,P.S. 181 Brooklyn,K-8,47,Lowell Coleman,B ,31.6,EMS,B ,8,56.64,C ,3.4,D ,4,C
30Q166,30,P.S. 166 Henry Gradstein,Elementary,46.9,Janet Farrell,B ,27,EMS,B ,10.7,49.01,B ,7.7,B ,1.5,B
22K119,22,P.S. 119 Amersfort,Elementary,46.9,Lisa Fernandez,B ,25.3,EMS,B ,8,50.38,C ,12.5,A ,1,B
32K045,32,P.S. 045 Horace E. Greene,Elementary,46.9,Tracey Lott-Davis,B ,24.7,EMS,B ,9.6,62,C ,8.6,A ,4,A
11X106,11,P.S. 106 Parkchester,Elementary,46.9,Eugenia Montalvo,B ,26.1,EMS,B ,9.4,46.48,C ,7.4,B ,4,B
13K011,13,P.S. 011 Purvis J. Behan,Elementary,46.9,Alonta Wrighton,B ,27.1,EMS,B ,9.6,47.18,C ,7.7,B ,2.5,B
28Q206,28,P.S. 206 The Horace Harding School,Elementary,46.8,Nicholas Bologna,B ,33.3,EMS,B ,8.2,44.43,C ,2.8,D ,2.5,C
20K229,20,P.S. 229 Dyker,K-8,46.7,Robert Zappulla,B ,26.5,EMS,B ,12.5,21.14,B ,4.2,C ,3.5,B
22K203,22,P.S. 203 Floyd Bennett,Elementary,46.4,Lisa Esposito,B ,30,EMS,B ,7.4,55.69,C ,5.9,C ,3,C
05M161,5,P.S. 161 Pedro Albizu Campos,K-8,46.4,Barbara Freeman,B ,23.1,EMS,C ,8.5,67.92,C ,10.3,A ,4.5,B
08X304,8,P.S. 304 Early Childhood School,Elementary,46.4,Joseph Nobile,B ,20.9,EMS,C ,12.2,39.39,B ,10.3,A ,3,B
04M038,4,P.S. 38 Roberto Clemente,Elementary,46.3,Norma Caraballo,B ,34.4,EMS,A ,5.5,62.06,D ,3.4,D ,3,C
24Q058,24,P.S. 58 - School of Heroes,Elementary,46.3,Adelina V. Tripoli,B ,24.2,EMS,C ,9.7,33.92,C ,6.4,B ,6,A
22K207,22,P.S. 207 Elizabeth G. Leary,K-8,46.3,Mary Bosco,B ,22.8,EMS,C ,11.3,28.55,B ,7.7,B ,4.5,C
04M096,4,P.S. 096 Joseph Lanzetta,K-8,46.2,Noel Rios,B ,33.1,EMS,B ,5.6,63.1,D ,3.9,C ,3.5,C
32K384,32,P.S. /I.S. 384 Frances E. Carter,K-8,46.2,Brunhilda Perez,B ,23.9,EMS,C ,8.5,60.55,C ,12.3,A ,1.5,A
24Q128,24,P.S. 128 Juniper Valley,K-8,46.2,John Lavelle,B ,17.2,EMS,C ,13.3,16.66,B ,12.7,A ,3,A
21K101,21,P.S. 101 The Verrazano,Elementary,46.2,Gregg Korrol,B ,20.3,EMS,C ,11.7,29.91,B ,10.7,A ,3.5,B
21K209,21,P.S. 209 Margaret Mead,K-8,46.2,Frances Locurcio,B ,27.8,EMS,B ,6.4,35.03,C ,8,B ,4,C
08X100,8,P.S. 100 Isaac Clason,Elementary,46.2,Chad Adam Altman,B ,28.6,EMS,B ,8.4,59.97,C ,4.7,C ,4.5,C
06M192,6,P.S. 192 Jacob H. Schiff,Elementary,46.1,Deborah Schaefer,B ,27.4,EMS,B ,6.5,65.71,C ,10.2,A ,2,C
13K020,13,P.S. 020 Clinton Hill,Elementary,46.1,L Barbera,B ,29.8,EMS,B ,7.1,49.84,C ,7.2,B ,2,C
10X205,10,P.S. 205 Fiorello Laguardia,Elementary,46,Carol Rosado,B ,17.1,EMS,C ,13.9,61.78,B ,9.5,A ,5.5,A
30Q228,30,P.S. 228 Early Childhood Magnet School of the Arts,K-2,45.9,Olga Guzman,A ,15.1,EC,B ,11.9,59.85,A ,13.9,A ,5,A
31R029,31,P.S. 029 Bardwell,Elementary,45.8,Mrs. Linda Manfredi,B ,20.9,EMS,C ,9.4,24.11,C ,12,A ,3.5,C
27Q047,27,P.S. 047 Chris Galas,K-8,45.6,Janet Donohue,B ,17.7,EMS,C ,14,21.37,B ,10.9,A ,3,A
14K023,14,P.S. 023 Carter G. Woodson,Elementary,45.4,Sharon Meade,B ,23.6,EMS,C ,4.5,63.89,D ,12.3,A ,5,A
75K231,75,P.S. K231,Elementary,45.3,Christina Foti,B ,21.5,D75,C ,11.9,,B ,10.4,B ,1.5,C
23K184,23,P.S. 184 Newport,K-8,45.2,Lamson Lam,B ,29.8,EMS,B ,6.3,63.64,C ,3.6,D ,5.5,C
13K287,13,P.S. 287 Bailey K. Ashford,Elementary,45.2,Ms. Michele Rawlins,B ,31.1,EMS,B ,3.8,62.04,D ,7.8,B ,2.5,B
07X049,7,P.S. 049 Willis Avenue,Elementary,45.1,Laura Galloway,B ,25.6,EMS,B ,8.2,65.52,C ,6.8,B ,4.5,C
14K147,14,P.S. 147 Isaac Remsen,Elementary,45.1,Julia Drake,B ,22.2,EMS,C ,8.6,64.61,C ,10.8,A ,3.5,A
04M102,4,P.S. 102 Jacques Cartier,Elementary,45.1,Sandra Gittens,B ,22.7,EMS,C ,9.1,71.08,C ,10.2,A ,3,A
14K297,14,P.S. 297 Abraham Stockton,Elementary,45.1,James Brown,B ,29.4,EMS,B ,5.5,61.62,D ,6.2,B ,4,C
15K039,15,P.S. 039 Henry Bristow,Elementary,45,Anita De Paz,B ,22.8,EMS,C ,9.3,24.84,C ,11.4,A ,1.5,B
31R042,31,P.S. 042 Eltingville,Elementary,45,Brian Sharkey,B ,24.3,EMS,B ,7.1,18.3,C ,9.1,A ,4.5,C
03M087,3,P.S. 087 William Sherman,Elementary,45,Monica Berry,B ,23.9,EMS,C ,12.1,16.84,B ,3.5,D ,5.5,B
10X024,10,P.S. 024 Spuyten Duyvil,Elementary,45,Donna Connelly,B ,27,EMS,B ,10,24.77,C ,3,D ,5,C
11X076,11,P.S. 076 The Bennington School,Elementary,44.9,Louise Sedotto,B ,27.6,EMS,B ,7.8,54.28,C ,5,C ,4.5,A
19K159,19,P.S. 159 Isaac Pitkin,Elementary,44.8,Monica Duncan,B ,30.8,EMS,B ,4.6,49.44,D ,6.4,B ,3,C
09X109,9,P.S. 109 Sedgwick,Elementary,44.7,Amanda Blatter,B ,22.9,EMS,C ,10.3,65.96,B ,9,A ,2.5,A
28Q175,28,P.S. 175 The Lynn Gross Discovery School,Elementary,44.5,Linda Green,B ,21.2,EMS,C ,11.2,25.22,B ,6.6,B ,5.5,A
13K044,13,P.S. 044 Marcus Garvey,Elementary,44.5,Valerie Taylor,B ,26.7,EMS,B ,8.8,59.08,C ,5.9,C ,3,B
04M155,4,P.S. 155 William Paca,Elementary,44.5,Lillian Raimundi Ortiz,B ,27.7,EMS,B ,5,69.25,D ,8.3,B ,3.5,B
05M175,5,P.S. 175 Henry H Garnet,Elementary,44.4,Cheryl Mcclendon,B ,31.2,EMS,B ,8.4,59.34,C ,4.8,C ,0,B
09X204,9,P.S. 204 Morris Heights,Elementary,44.3,Marcy Glattstein,B ,14.8,EMS,D ,14,63.49,B ,13.4,A ,2,A
10X280,10,P.S./M.S. 280 Mosholu Parkway,K-8,44.3,James Weeks,B ,22.7,EMS,C ,12,56.89,B ,8.6,A ,1,A
17K006,17,P.S. 006,Elementary,44.2,Ellen Carlisle,B ,25.9,EMS,B ,9.2,61.64,C ,7.5,B ,1.5,B
19K158,19,P.S. 158 Warwick,Elementary,44.2,Audrey Wilson,B ,27.9,EMS,B ,7.1,62.14,C ,7.2,B ,2,C
18K208,18,P.S. 208 Elsa Ebeling,Elementary,44.1,Ms. Kristy Parris,B ,25,EMS,B ,8.6,54.27,C ,10,A ,0.5,B
18K115,18,P.S. 115 Daniel Mucatel School,Elementary,44,Denis Guerin,B ,24.2,EMS,C ,10.1,52.45,B ,6.6,B ,3,B
04M112,4,P.S. 112 Jose Celso Barbosa,K-2,43.9,Eileen Reiter,A ,15.2,EC,B ,9.6,64.2,B ,10.1,A ,9,B
13K133,13,P.S. 133 William A. Butler,Elementary,43.9,Heather Foster-Mann,B ,27.5,EMS,B ,6.8,59.58,C ,7.6,B ,2,C
05M046,5,P.S. 046 Arthur Tappan,K-8,43.9,George Young,B ,25.1,EMS,B ,7.3,64.3,C ,10,A ,1.5,C
17K398,17,P.S. 398 Walter Weaver,Elementary,43.8,Diane Danay-Caban,B ,25.9,EMS,B ,10.1,67,B ,3.8,C ,4,B
25Q193,25,P.S. 193 Alfred J. Kennedy,Elementary,43.8,Joyce E. Bush,B ,27.7,EMS,B ,5.7,19.07,D ,5.9,C ,4.5,C
15K094,15,P.S. 094 The Henry Longfellow,Elementary,43.7,Janette Caban,B ,28.3,EMS,B ,8.2,49.25,C ,5.2,C ,2,B
15K024,15,P.S. 024,Elementary,43.6,Christina Fuentes,B ,24.8,EMS,B ,4.9,65.85,D ,9.4,A ,4.5,C
02M183,2,P.S. 183 Robert L. Stevenson,Elementary,43.5,Tara Napoleoni,B ,22.9,EMS,C ,9.6,14.98,C ,6,B ,5,B
25Q165,25,P.S. 165 Edith K. Bergtraum,Elementary,43.5,Raquel Victoria Demillio,B ,28.1,EMS,B ,9,36.53,C ,2.8,D ,3.5,B
15K124,15,P.S. 124 Silas B. Dutcher,Elementary,43.5,Annabelle Martinez,B ,27.9,EMS,B ,5.6,54.87,D ,7.5,B ,2.5,A
13K093,13,P.S. 093 William H. Prescott,Elementary,43.4,Sandra Philip,B ,31.5,EMS,B ,2.5,55.52,D ,5.4,C ,4,C
29Q095,29,P.S. 095 Eastwood,Elementary,43.4,Dolores Reid-Barker,B ,27.6,EMS,B ,6.9,44.7,C ,6.9,B ,2,B
30Q076,30,P.S. 076 William Hallet,Elementary,43.3,Mary Schafenberg,B ,27.5,EMS,B ,7.6,60.95,C ,5.2,C ,3,A
10X032,10,P.S. 032 Belmont,Elementary,43.2,Esther Schwartz,B ,10.6,EMS,F ,14.2,65.11,A ,9.4,A ,9,A
07X161,7,P.S. 161 Ponce De Leon,Elementary,43.2,Mark Weisman,B ,29.5,EMS,B ,5.1,68.93,D ,6.1,B ,2.5,C
21K288,21,P.S. 288 The Shirley Tanyhill,K-8,43.2,Joelene-Lynette Kinard,B ,31.1,EMS,B ,5,62.21,D ,3.6,D ,3.5,A
30Q092,30,P.S. 092 Harry T. Stewart Sr.,Elementary,43.2,Pasquale Baratta,B ,19.1,EMS,C ,9.5,65.97,C ,11.1,A ,3.5,A
31R013,31,P.S. 013 M. L. Lindemeyer,Elementary,43.1,Paul Martuccio,B ,22.6,EMS,C ,11.8,43.95,B ,6.2,B ,2.5,C
31R048,31,P.S. 048 William C. Wilcox,Elementary,43.1,Jacqueline Mammolito,B ,17.4,EMS,C ,13.2,20.51,B ,9.9,A ,2.5,B
21K128,21,P.S. 128 Bensonhurst,Elementary,43.1,Marcia Robins,B ,24.3,EMS,B ,4.2,36.59,D ,11.6,A ,3,B
32K075,32,P.S. 075 Mayda Cortiella,Elementary,43,Christopher Tricarico,B ,21.9,EMS,C ,8.6,59.15,C ,7.5,B ,5,C
06M128,6,P.S. 128 Audubon,Elementary,43,Rosa Argelia Arredondo,B ,23.3,EMS,C ,6.4,65.39,C ,8.7,A ,4.5,B
02M001,2,P.S. 001 Alfred E. Smith,Elementary,42.9,Amy Hom,B ,26.5,EMS,B ,8.8,40.95,C ,4.6,C ,3,B
05M092,5,P.S. 092 Mary McLeod Bethune,Elementary,42.9,Rosa Davila,B ,25.9,EMS,B ,6.1,63.94,C ,8.3,B ,2.5,B
14K250,14,P.S. 250 George H. Lindsay,Elementary,42.8,Nora Barnes,B ,26.8,EMS,B ,8,50.97,C ,7.5,B ,0.5,B
27Q100,27,P.S. 100 Glen Morris,Elementary,42.8,Laureen Fromberg,B ,21.7,EMS,C ,10.1,40.97,B ,5.5,C ,5.5,B
09X028,9,P.S. 028 Mount Hope,Elementary,42.8,Marie Barresi,B ,23.2,EMS,C ,8,67.24,C ,9.1,A ,2.5,B
26Q031,26,P.S. 031 Bayside,Elementary,42.7,Terri Graybow,B ,17.5,EMS,C ,13.9,27.11,B ,6.8,B ,4.5,A
09X110,9,P.S. 110 Theodore Schoenfeld,Elementary,42.6,Daisy Perez,B ,18.1,EMS,C ,11.1,64.27,B ,8.3,B ,5,B
29Q036,29,P.S. 036 Saint Albans School,Elementary,42.6,Lynn Staton,B ,29.6,EMS,B ,5.1,52.62,D ,4.9,C ,3,D
02M089,2,P.S. 89,Elementary,42.6,Veronica Najjar,B ,18.9,EMS,C ,12.9,12.56,B ,8.8,A ,2,B
10X008,10,P.S. 008 Issac Varian,Elementary,42.6,Rosa Maria Peralta,B ,27.8,EMS,B ,9.8,58.75,C ,4.5,C ,0.5,B
32K086,32,P.S. 086 The Irvington,Elementary,42.5,Mabel Sarduy,B ,19.1,EMS,C ,10.1,63.78,B ,11.7,A ,1.5,C
24Q113,24,P.S. 113 Isaac Chauncey,K-8,42.5,Anthony Pranzo,B ,10.7,EMS,D ,14.2,32.23,A ,13,A ,4.5,A
08X182,8,P.S. 182,Elementary,42.5,Anne O'Grady,B ,23.7,EMS,C ,9.5,55.72,C ,6.3,B ,3,B
19K190,19,P.S. 190 Sheffield,Elementary,42.3,Stephaun Hill,B ,22.7,EMS,C ,10.2,62.89,B ,5.4,C ,4,A
24Q028,24,P.S. 28 - The Thomas Emanuel Early Childhood Cente,K-2,42.3,Laura Pessutti,B ,11.9,EC,B ,10.6,62.98,B ,14.7,A ,5,A
28Q139,28,P.S. 139 Rego Park,Elementary,42.3,Monica Bridget Powers-Meade,B ,24.9,EMS,B ,10.8,30.39,B ,5.6,C ,1,C
22K195,22,P.S. 195 Manhattan Beach,Elementary,42.2,Arthur Forman,B ,20,EMS,C ,12.6,10.97,B ,8.1,B ,1.5,A
12X150,12,P.S. 150 Charles James Fox,Elementary,41.7,Edwin Irizarry,B ,22.5,EMS,C ,8.3,66.51,C ,7.9,B ,3,A
10X059,10,P.S. 059 The Community School of Technology,Elementary,41.6,Christine Mchugh,B ,23.1,EMS,C ,7.7,66.27,C ,6.8,B ,4,B
03M333,3,P.S. 333 Manhattan School for Children,K-8,41.6,Susan Rappaport,B ,22,EMS,C ,8.2,24.17,C ,6.9,B ,4.5,C
08X146,8,P.S. 146 Edward Collins,Elementary,41.5,Janet Sanderson-Brown,B ,23.6,EMS,C ,6.9,63.45,C ,8.9,A ,2,C
75X168,75,P.S. 168,K-8,41.4,Rosa Nieves Greene,C ,19.4,D75,C ,10.1,,C ,11.9,A ,0,D
31R031,31,P.S. 031 William T. Davis,Elementary,41.3,Patricia Covington,B ,27.4,EMS,B ,4.6,59.22,D ,7.8,B ,1.5,B
21K238,21,P.S. 238 Anne Sullivan,K-8,41.3,Harla Joy Musoff-Weiss,B ,21.9,EMS,C ,6.3,51.42,C ,11.1,A ,2,B
30Q127,30,P.S. 127 Aerospace Science Magne,K-8,41.3,Evita Sanabria,B ,27.2,EMS,B ,8,60.71,C ,4.6,C ,1.5,B
10X396,10,P.S. 396,Elementary,41.2,Nicole Tine,B ,21.2,EMS,C ,11.2,62.52,B ,8.3,B ,0.5,B
22K206,22,P.S. 206 Joseph F Lamb,K-8,41.2,Deirdre Keyes,C ,19.4,EMS,C ,11.7,27.1,B ,6.6,B ,3.5,A
10X291,10,P.S. 291,Elementary,41.2,Carlos Velez,B ,16,EMS,C ,13.4,67.27,B ,11.8,A ,0,B
07X065,7,P.S. 065 Mother Hale Academy,Elementary,41.2,Jasmine Gonzalez,B ,29.2,EMS,B ,3.2,68.59,D ,5.2,C ,3.5,C
24Q088,24,P.S. 088 Seneca,Elementary,41.2,David Bishop,B ,28.2,EMS,B ,6,42.4,C ,4,C ,3,C
08X036,8,P.S. 036 Unionport,Elementary,41.1,Elvira Maresca,B ,21.1,EMS,C ,10,54.63,C ,8.5,A ,1.5,B
09X055,9,P.S. 055 Benjamin Franklin,Elementary,41,Luis Torres,B ,29.7,EMS,B ,3.3,63.48,D ,4,C ,4,C
03M166,3,P.S. 166 The Richard Rodgers School of The Arts an,Elementary,41,Debbie J. Hand,B ,24,EMS,C ,6.8,25.62,C ,6.7,B ,3.5,D
30Q222,30,P.S. Q222 - Fire Fighter Christopher A. Santora Sc,K-2,41,Yvonne Marrero,B ,13,EC,B ,13.4,53.11,A ,7.6,B ,7,A
09X218,9,P.S./I.S. 218 Rafael Hernandez Dual Language Magne,K-8,41,Leticia Rosario,C ,18.3,EMS,C ,11.4,61.21,B ,10.8,A ,0.5,A
16K081,16,P.S. 081 Thaddeus Stevens,Elementary,41,Cheryl Ault- Baker,B ,24.9,EMS,B ,6,64.55,C ,6.1,B ,4,B
30Q111,30,P.S. 111 Jacob Blackwell,K-8,40.9,Randy Seabrook,C ,26.9,EMS,B ,3.7,62.79,D ,7.3,B ,3,C
25Q129,25,P.S. 129 Patricia Larkin,Elementary,40.9,Marilyn Alesi,B ,14.6,EMS,D ,12.3,37.23,B ,10.5,A ,3.5,B
10X246,10,P.S. 246 Poe Center,Elementary,40.8,Beverly Miller,B ,24.5,EMS,B ,6,65.57,C ,7.8,B ,2.5,C
22K315,22,P.S. K315,Elementary,40.8,Judith Ranft,B ,20.4,EMS,C ,9.6,54.15,C ,7.8,B ,3,B
14K157,14,P.S. 157 Benjamin Franklin,Elementary,40.8,Maribel Torres,B ,20.2,EMS,C ,7.1,64.86,C ,12,A ,1.5,B
11X016,11,P.S. 016 Wakefield,Elementary,40.7,Yvonne Williams,B ,30.8,EMS,B ,5.3,56.76,D ,3.1,D ,1.5,C
27Q056,27,P.S. 056 Harry Eichler,Elementary,40.6,Ann Leiter,B ,23.3,EMS,C ,8,38.48,C ,7.7,B ,1.5,B
22K236,22,P.S. 236 Mill Basin,Elementary,40.5,Mary Theresa Nelson,C ,18.2,EMS,C ,11,25.25,B ,6.3,B ,5,B
15K038,15,P.S. 038 The Pacific,Elementary,40.4,Yolanda Ramirez,C ,24.6,EMS,B ,7.9,52.11,C ,4.9,C ,3,C
75K141,75,P.S. K141,Middle,40.4,Michele Thornton Mannix,C ,28.5,D75,C ,9.5,,C ,2.4,F ,0,B
02M116,2,P.S. 116 Mary Lindley Murray,Elementary,40.3,Jane Hsu,C ,15.3,EMS,D ,13.7,20.92,B ,8.8,A ,2.5,B
32K145,32,P.S. 145 Andrew Jackson,Elementary,40.3,Marilyn Torres,C ,25.6,EMS,B ,6.2,64.2,C ,7.5,B ,1,B
25Q120,25,P.S. 120 Queens,Elementary,40.3,Joan Monroe,C ,25.2,EMS,B ,8.4,31.56,C ,4.2,C ,2.5,A
21K153,21,P.S. 153 Homecrest,Elementary,40.2,Carl Santamaria,C ,24,EMS,C ,9.6,38.15,C ,5.1,C ,1.5,B
10X091,10,P.S. 091 Bronx,Elementary,40.2,Meridith Struhl Nasjlett,C ,30.7,EMS,B ,7,63.55,C ,2.5,F ,0,B
29Q132,29,P.S. 132 Ralph Bunche,Elementary,40.2,Alicia Davis,C ,25.2,EMS,B ,8.3,50.12,C ,6.1,B ,0.5,C
75X188,75,P.S. X188,Middle,40,Shanie Johnson,D ,22.7,D75,D ,9,,C ,6.8,C ,1.5,C
10X033,10,P.S. 033 Timothy Dwight,Elementary,40,Lynette Santos,C ,23.7,EMS,C ,5.9,64.27,C ,7.9,B ,2.5,A
31R016,31,P.S. 016 John J. Driscoll,Elementary,39.9,Vincenza Gallassio,C ,30.9,EMS,B ,2.9,61.09,D ,3.6,D ,2.5,C
10X094,10,P.S. 094 Kings College School,Elementary,39.9,Diane Daprocida,C ,27.4,EMS,B ,5.2,59.42,D ,4.8,C ,2.5,C
10X226,10,P.S. 226,Elementary,39.9,Gloria Darden,C ,25.3,EMS,B ,5,67.99,D ,8.1,B ,1.5,D
31R022,31,P.S. 022 Graniteville,Elementary,39.8,Melissa Lamb Donath,C ,26.2,EMS,B ,9.5,50.31,C ,4,C ,0,B
01M034,1,P.S. 034 Franklin D. Roosevelt,K-8,39.8,Joyce Stallings Harte,C ,18.5,EMS,C ,11.3,67.97,B ,7.5,B ,2.5,B
19K345,19,P.S. 345 Patrolman Robert Bolden,Elementary,39.8,Wanda Holt,C ,28.2,EMS,B ,5.6,61.22,D ,4.5,C ,1.5,B
20K185,20,P.S. 185 Walter Kassenbrock,Elementary,39.8,Kenneth Llinas,C ,21.6,EMS,C ,9,21.54,C ,8.2,B ,1,C
25Q032,25,P.S. 032 State Street,Elementary,39.7,Debra Errico,C ,15.5,EMS,C ,10.1,23.88,B ,11.1,A ,3,A
12X195,12,P.S. 195,Elementary,39.7,Andrew Kavanagh,C ,26.3,EMS,B ,5.4,61.45,D ,4.5,C ,3.5,C
08X071,8,P.S. 071 Rose E. Scala,K-8,39.6,Lance Cooper,C ,23,EMS,C ,9,42.11,C ,4.6,C ,3,C
06M005,6,P.S. 005 Ellen Lurie,Elementary,39.5,Wanda Soto,C ,24.4,EMS,B ,6.5,65.62,C ,7.1,B ,1.5,B
27Q123,27,P.S. 123,Elementary,39.4,Cynthia Sumay-Eaton,C ,25.9,EMS,B ,6.6,55.57,C ,5.4,C ,1.5,B
13K270,13,P.S. 270 Johann DeKalb,Elementary,39.4,Mitra Lutchman,C ,15,EMS,D ,16.9,61.35,A ,7,B ,0.5,A
31R039,31,P.S. 39 Francis J. Murphy Jr.,Elementary,39.3,Tracey Wright,C ,19.4,EMS,C ,9.5,31.04,C ,7.4,B ,3,C
29Q134,29,P.S. 134 Hollis,Elementary,39.3,Cheryl Marmon-Halm,C ,25.9,EMS,B ,4.7,60.59,D ,7.7,B ,1,B
05M129,5,P.S. 129 John H. Finley,K-8,39.2,Odelphia Pierre,C ,22.8,EMS,C ,6.3,60.9,C ,7.6,B ,2.5,B
23K327,23,P.S. 327 Dr. Rose B. English,K-8,39.1,Stephen Appea,C ,23.2,EMS,C ,6.8,58.7,C ,4.6,C ,4.5,C
08X138,8,P.S. 138 Samuel Randall,Elementary,38.9,Lorraine Carrol-Dawkins,C ,22.4,EMS,C ,8.6,59.86,C ,7.4,B ,0.5,C
31R021,31,P.S. 21 Margaret Emery-Elm Park,Elementary,38.9,Gina Moreno,C ,22.2,EMS,C ,6.8,55.7,C ,9.9,A ,0,A
14K017,14,P.S. 017 Henry D. Woodworth,Elementary,38.8,Dr. Robert Marchi,C ,21.1,EMS,C ,9.6,61.2,C ,4.6,C ,3.5,A
17K289,17,P.S. 289 George V. Brower,Elementary,38.7,Mr. Dennis O. Jeffers,C ,25,EMS,B ,7.7,59.1,C ,5,C ,1,B
11X108,11,P.S. 108 Philip J. Abinanti,Elementary,38.6,Charles Sperrazza,C ,22.9,EMS,C ,8.3,35.15,C ,3.9,C ,3.5,C
31R044,31,P.S. 044 Thomas C. Brown,Elementary,38.4,Joseph Miller,C ,24.6,EMS,B ,3.9,62.54,D ,5.4,C ,4.5,C
22K193,22,P.S. 193 Gil Hodges,Elementary,38.3,Frank A. Cimino,C ,18.5,EMS,C ,11.4,44.79,B ,7.9,B ,0.5,B
24Q071,24,P.S. 071 Forest,Elementary,38.2,Walkydia Olivella,C ,26.8,EMS,B ,5.8,39.76,C ,3.1,D ,2.5,C
09X088,9,P.S. X088 - S. Silverstein Little Sparrow School,K-3,38.2,Melinda Hyer,B ,12.7,EC,B ,13.2,64.27,A ,8.3,B ,4,B
10X095,10,P.S. 095 Sheila Mencher,K-8,38.2,Serge Marshall Davis,C ,24,EMS,C ,7.7,54.73,C ,1.5,F ,5,B
27Q105,27,P.S. 105 The Bay School,K-8,38.2,Laurie Shapiro,C ,25.6,EMS,B ,3.8,57.74,D ,6.8,B ,2,C
07X031,7,P.S./M.S. 031 The William Lloyd Garrison,K-8,38.1,Liza Diaz,C ,23,EMS,C ,7.3,63.77,C ,7.2,B ,0.5,C
01M110,1,P.S. 110 Florence Nightingale,Elementary,38.1,Karen Feuer,C ,22.1,EMS,C ,10.9,40.85,B ,4.1,C ,1,D
19K149,19,P.S. 149 Danny Kaye,Elementary,38,Enid Silvera,C ,22.7,EMS,C ,8.6,62.83,C ,5.2,C ,1.5,C
22K052,22,P.S. 052 Sheepshead Bay,Elementary,38,Ilene Altschul,C ,20.2,EMS,C ,7.1,36.98,C ,7.7,B ,3,B
09X063,9,P.S. 063 Author's Academy,Elementary,37.9,Reinaldo Diaz-Lens,C ,11.7,EMS,D ,15.9,67.32,A ,7.3,B ,3,B
12X057,12,P.S. 057 Crescent,Elementary,37.9,Edsel Philip,C ,20.1,EMS,C ,10.3,62.98,B ,5,C ,2.5,B
30Q085,30,P.S. 085 Judge Charles Vallone,Elementary,37.9,Ann Gordon-Chang,C ,19.3,EMS,C ,10.6,36,B ,8,B ,0,C
10X209,10,P.S. 209,K-2,37.9,Anne Keegan,B ,10.4,EC,B ,10.1,66.93,B ,14.3,A ,3,A
22K312,22,P.S. 312 Bergen Beach,Elementary,37.8,Linda Beal Benigno,C ,13.5,EMS,D ,12,30.79,B ,9.3,A ,3,C
10X020,10,P.S. 20 P.O.George J. Werdan III,K-8,37.5,Carol Carlsen,C ,21.2,EMS,C ,9.4,59.31,C ,6.4,B ,0.5,B
16K243,16,P.S. 243K- The Weeksville School,Elementary,37.5,Karen Hambright-Glove,C ,23.9,EMS,C ,5.5,64.92,D ,7.1,B ,1,C
27Q207,27,P.S. 207 Rockwood Park,K-8,37.5,Linda Spadaro,C ,18.3,EMS,C ,9.8,20.76,C ,6.9,B ,2.5,A
13K305,13,P.S. 305 Dr. Peter Ray,Elementary,37.4,Dr. Julia Mortley,C ,26.5,EMS,B ,4.9,58.19,D ,3.4,D ,2.5,C
09X132,9,P.S. 132 Garret A. Morgan,Elementary,37.4,Anissa Chalmers,C ,27.8,EMS,B ,2.9,67.08,D ,4.2,C ,2.5,B
19K346,19,P.S. 346 Abe Stark,Elementary,37.2,Kevin Caifa,C ,24.5,EMS,B ,6.5,52.72,C ,3.2,D ,3,C
27Q043,27,P.S. 043,K-8,37.1,Gary Fairweather,C ,23.9,EMS,C ,6.8,58.55,C ,4.4,C ,2,C
14K059,14,P.S. 059 William Floyd,Elementary,37.1,Dawn Best,C ,28.3,EMS,B ,1.9,61.85,D ,5.4,C ,1.5,C
30Q112,30,P.S. 112 Dutch Kills,Elementary,37,Rafael Campos-Gatjens,C ,22,EMS,C ,4.7,54.42,D ,6.3,B ,4,B
31R065,31,P.S. 65 The Academy of Innovative Learning,K-3,36.9,Sophie Scamardella,B ,9.2,EC,C ,15.3,43.37,A ,12.4,A ,0,
24Q091,24,P.S. 091 Richard Arkwright,Elementary,36.9,Victoria Catalano,C ,23.3,EMS,C ,7.3,42.19,C ,4.8,C ,1.5,B
09X004,9,P.S./M.S. 004 Crotona Park West,K-8,36.8,Vincent Resto,C ,22.5,EMS,C ,7.1,65.53,C ,6.7,B ,0.5,B
12X050,12,P.S. 050 Clara Barton,Elementary,36.4,Lori Ferguson,C ,26.8,EMS,B ,3.6,67.37,D ,2.5,F ,3.5,D
24Q143,24,P.S. 143 Louis Armstrong,Elementary,36.3,Sheila Gorski,C ,14.2,EMS,D ,10.4,62.53,B ,9.2,A ,2.5,C
03M145,3,"P.S. 145, The Bloomingdale School",Elementary,36.3,Ivelisse Alvarez,C ,24.6,EMS,B ,5.5,60.76,D ,5.2,C ,1,B
31R011,31,P.S. 11 Thomas Dongan School,Elementary,36.3,Erica Mattera,C ,23.9,EMS,C ,2.6,42.18,D ,7.3,B ,2.5,B
75M811,75,P.S. M811 - Mickey Mantle School,Elementary,36.3,Barry Daub,C ,15.3,D75,D ,10.1,,C ,9.4,D ,1.5,F
08X140,8,P.S. X140 The Eagle School,Elementary,36.2,Paul Cannon,C ,23.9,EMS,C ,6.1,61.83,C ,5.2,C ,1,C
31R035,31,P.S. 35 The Clove Valley School,Elementary,36.2,Melissa Garofalo,C ,17.8,EMS,C ,9.7,25.22,C ,6.7,B ,2,C
21K100,21,P.S. 100 The Coney Island School,Elementary,36.2,Katherine A. Moloney,C ,18,EMS,C ,9.8,22.78,C ,5.3,C ,3,B
17K092,17,P.S. 092 Adrian Hegeman,Elementary,36.1,Ms. Diana Rahmaan,C ,19.5,EMS,C ,7.6,61.7,C ,8.5,A ,0.5,C
10X081,10,P.S. 081 Robert J. Christen,Elementary,36,Melodie Mashel,C ,17.1,EMS,C ,8.5,34.92,C ,7.9,B ,2.5,C
11X089,11,P.S. 089 Bronx,K-8,35.9,Ralph Martinez,C ,25.9,EMS,B ,5,53.7,D ,2.5,D ,2.5,C
30Q234,30,P.S. 234,Elementary,35.9,Thea Pallos,C ,13.4,EMS,D ,11.1,43.12,B ,10.3,A ,1,A
13K054,13,P.S. 054 Samuel C. Barnes,Elementary,35.9,Lorna Khan,C ,23.5,EMS,C ,4.9,64.58,D ,6,B ,1.5,C
15K230,15,P.S. 230 Doris L. Cohen,Elementary,35.8,Sharon Fiden,C ,18.6,EMS,C ,6.5,37.87,C ,9.7,A ,1,C
16K025,16,P.S. 025 Eubie Blake School,Elementary,35.8,Anita Coley,C ,22.6,EMS,C ,7.4,64.01,C ,5.8,C ,0,C
16K309,16,P.S. 309 The George E. Wibecan Preparatory Academy,Elementary,35.7,Emily Zucal,C ,21.6,EMS,C ,4,60.66,D ,8,B ,2,C
22K277,22,P.S. 277 Gerritsen Beach,Elementary,35.6,Jeanne M. Fish,C ,15,EMS,D ,10.6,19.96,B ,8.5,A ,1.5,A
07X157,7,P.S. 157 Grove Hill,Elementary,35.6,Ramona Duran,C ,19.2,EMS,C ,9.4,62.76,C ,4.5,C ,2.5,B
31R005,31,P.S. 005 Huguenot,Elementary,35.5,Lisa Arcuri,C ,13.2,EMS,D ,10.4,11.61,B ,11.8,A ,0,C
31R041,31,P.S. 041 New Dorp,Elementary,35.5,Elise Feldman,C ,16.6,EMS,C ,9.5,31.68,C ,3.4,D ,6,C
31R038,31,P.S. 038 George Cromwell,Elementary,35.4,Everlidys Robles,C ,14.9,EMS,D ,10.3,35.19,B ,6.2,B ,4,B
28Q174,28,P.S. 174 William Sidney Mount,Elementary,35.4,Karin Kelly,C ,19.3,EMS,C ,7.9,23.66,C ,5.2,C ,3,B
22K269,22,P.S. 269 Nostrand,Elementary,35.3,Phyllis Corbin,C ,21.6,EMS,C ,5.3,60.35,D ,7.9,B ,0.5,C
10X046,10,P.S. 046 Edgar Allan Poe,Elementary,35.1,Jennifer Alexander-Ade,C ,23.9,EMS,C ,5.3,64.55,D ,4.9,C ,1,C
08X130,8,P.S. 130 Abram Stevens Hewitt,Elementary,35,Lourdes Velazquez,C ,21.2,EMS,C ,4,65.11,D ,7.3,B ,2.5,C
10X009,10,P.S. 9 Ryer Avenue Elementary School,Elementary,35,Jacqueline Bailey,C ,20.3,EMS,C ,7,64.76,C ,5.6,C ,2,C
11X160,11,P.S. 160 Walt Disney,Elementary,35,Lori Baker,C ,24.8,EMS,B ,6.4,52.49,C ,3.8,C ,0,C
24Q239,24,P.S. 239,Elementary,34.9,Robin Connolly,C ,18.7,EMS,C ,7,58.32,C ,8.2,B ,1,B
05M036,5,P.S. 036 Margaret Douglas,Elementary,34.8,Cynthia Mullins-Simmons,C ,22.9,EMS,C ,5.1,59.37,D ,4.7,C ,2,B
31R055,31,P.S. 055 Henry M. Boehm,Elementary,34.8,Sharon Fishman,C ,18.7,EMS,C ,6.4,13.97,C ,6.2,B ,3.5,C
18K114,18,P.S. 114 Ryder Elementary,Elementary,34.8,Darwin Smith,C ,26,EMS,B ,4.1,53.89,D ,2.7,D ,2,D
03M075,3,P.S. 075 Emily Dickinson,Elementary,34.7,Robert O'Brien,C ,20.9,EMS,C ,7.1,48.36,C ,6.7,B ,0,C
29Q038,29,P.S. 038 Rosedale,Elementary,34.7,Cassandra A. Hundley,C ,14.8,EMS,D ,5.3,59.13,D ,13.1,A ,1.5,B
12X134,12,P.S. 134 George F. Bristow,Elementary,34.6,Kenneth Thomas,C ,21.7,EMS,C ,6.5,62.7,C ,4.8,C ,1.5,B
01M134,1,P.S. 134 Henrietta Szold,Elementary,34.6,Loretta Caputo,C ,24,EMS,C ,5.9,54.33,C ,4.2,C ,0.5,B
06M098,6,P.S. 098 Shorac Kappock,Elementary,34.6,Maritza Rodriguez,C ,20.9,EMS,C ,5.7,67.12,D ,6.4,B ,1.5,B
21K216,21,P.S. 216 Arturo Toscanini,Elementary,34.5,Celia Kaplinsky,C ,17,EMS,C ,9.3,33.12,C ,7.7,B ,0.5,B
04M007,4,P.S. 007 Samuel Stern,K-8,34.4,Racquel Jones,C ,20.8,EMS,C ,7,58.36,C ,5.1,C ,1.5,A
12X044,12,P.S. 044 David C. Farragut,Elementary,34.4,Donna Ferguson,C ,16.9,EMS,C ,8.7,66.62,C ,6.3,B ,2.5,B
17K316,17,P.S. 316 Elijah Stroud,Elementary,34.3,Elif Gure,C ,18.2,EMS,C ,8.3,59.64,C ,6.3,B ,1.5,A
13K009,13,P.S. 009 Teunis G. Bergen,Elementary,34.2,Sandra D'Avilar,C ,19.3,EMS,C ,7.6,47.93,C ,6.8,B ,0.5,C
31R018,31,P.S. 018 John G. Whittier,Elementary,34,Robert Rodriguez,C ,18.8,EMS,C ,7.5,62,C ,4.7,C ,3,B
29Q118,29,P.S. 118 Lorraine Hansberry,Elementary,33.8,Cynthia Ofori-Feaster,C ,24.7,EMS,B ,3.4,56.4,D ,1.6,F ,4,C
22K194,22,P.S. 194 Raoul Wallenberg,Elementary,33.7,Mary Zissler-Lynch,C ,19,EMS,C ,6.4,56.21,C ,6.8,B ,1.5,C
17K167,17,P.S. 167 The Parkway,Elementary,33.5,Marc Mardy,C ,23.8,EMS,C ,3.7,65.37,D ,3,D ,3,C
13K003,13,P.S. 003 The Bedford Village,Elementary,33.4,Kristina Beecher,C ,20.3,EMS,C ,6.4,53.74,C ,5.6,C ,1,C
13K008,13,P.S. 008 Robert Fulton,Elementary,33.3,Seth Phillips,C ,14.6,EMS,D ,11.5,20.21,B ,5.2,C ,2,C
28Q086,28,P.S. Q086,Elementary,33.2,Karen Zuvic,C ,24.5,EMS,B ,3.8,48.53,D ,4.3,C ,0.5,B
10X360,10,P.S. 360,Elementary,33.1,Nancy Rodriguez-Lewis,C ,19.4,EMS,C ,6.2,62.69,C ,5.5,C ,2,B
13K307,13,P.S. 307 Daniel Hale Williams,Elementary,33,Roberta Davenport,C ,20.2,EMS,C ,5.1,62.68,D ,6.7,B ,1,C
11X105,11,P.S. 105 Sen Abraham Bernstein,Elementary,32.8,Mr. Christopher Eustace,C ,17,EMS,C ,6.9,55.65,C ,6.4,B ,2.5,B
18K279,18,P.S. 279 Herman Schreiber,Elementary,32.8,Lorenzo Chambers,C ,20.2,EMS,C ,8.4,56.24,C ,3.6,D ,0.5,C
17K012,17,P.S. 012,Elementary,32.7,Nyree Dixon,C ,21.2,EMS,C ,4.9,56.34,D ,4,C ,2.5,B
75M094,75,P.S. M094,Elementary,32.6,Ronnie Shuster,D ,10.7,D75,F ,7.6,,F ,11.3,A ,3,C
28Q160,28,P.S. 160 Walter Francis Bishop,Elementary,32.6,Jermaine Garden,C ,22.6,EMS,C ,5.3,58.71,D ,3.7,D ,1,B
19K273,19,P.S. 273 Wortman,Elementary,32.6,Melessa Avery,C ,16.3,EMS,C ,7.2,55.96,C ,9.1,A ,0,C
04M050,4,P.S. 050 Vito Marcantonio,K-8,32.5,Cynthia Rochez,C ,23.9,EMS,C ,4.7,66.27,D ,2.9,D ,1,C
14K110,14,P.S. 110 The Monitor,Elementary,32.4,Anna Cano Amato,C ,15.9,EMS,C ,6.3,34.91,C ,9.2,A ,1,C
02M150,2,P.S. 150,Elementary,32.4,Maggie Siena,C ,10.4,EMS,F ,11.6,15.04,B ,10.4,A ,0,B
75K140,75,P.S. K140,K-8,32.4,Michelle Carpenter,F ,17.9,D75,D ,10.7,,C ,2.3,F ,1.5,D
23K156,23,P.S. 156 Waverly,Elementary,32.3,Beverly Logan,C ,17.7,EMS,C ,4.8,57.53,D ,7.2,B ,2.5,C
31R020,31,P.S. 020 Port Richmond,Elementary,32.2,Marie Munoz,C ,10.7,EMS,F ,8,63.97,C ,11.5,A ,2,C
06M325,6,P.S. 325,Elementary,32.2,Gary H. Cruz,C ,16.9,EMS,C ,6,68.78,C ,9.3,A ,0,C
23K150,23,P.S. 150 Christopher,K-8,32.2,Pamela Bradley Muchere,C ,19.9,EMS,C ,4.7,66.75,D ,5.6,C ,2,C
29Q251,29,P.S. 251 Queens,K-3,32.1,Edna Loncke,B ,10.6,EC,B ,11.7,50.27,A ,6.8,C ,3,C
06M210,6,P.S./I.S. 210 - Twenty-first Century Academy for,K-8,32.1,Evelyn Linares,C ,10.9,EMS,D ,8.8,64.56,C ,11.9,A ,0.5,B
23K137,23,P.S./I.S. 137 Rachel Jean Mitchell,K-8,31.9,Winston Riley,C ,18.8,EMS,C ,5,65.46,D ,7.1,B ,1,D
14K196,14,P.S. 196 Ten Eyck,Elementary,31.8,Janine Colon,C ,2.8,EMS,F ,13.7,64.07,B ,11.3,A ,4,A
09X042,9,P.S. 042 Claremont,Elementary,31.8,Patricia Rigot Kulow,C ,15.3,EMS,D ,7,66.65,C ,6,B ,3.5,A
31R004,31,P.S. 004 Maurice Wollin,Elementary,31.7,Mr. Marc A. Harris,C ,20.8,EMS,C ,3.3,21.79,D ,4.1,C ,3.5,C
03M191,3,P.S. 191 Amsterdam,K-8,31.7,Maria Verdesoto,C ,18.8,EMS,C ,5.8,53.37,D ,3.6,D ,3.5,C
10X340,10,P.S. 340,Elementary,31.7,Nelly Maldonado,C ,13.7,EMS,D ,6.5,61.26,C ,11.5,A ,0,B
10X037,10,P.S. X037 - Multiple Intelligence School,K-8,31.6,Kenneth Petriccione,C ,15.9,EMS,C ,8.4,60.73,C ,5.3,C ,2,B
05M125,5,P.S. 125 Ralph Bunche,Elementary,31.6,Rafaela Espinal Pacheco,C ,23,EMS,C ,3.7,61.11,D ,4.9,C ,0,B
10X159,10,P.S. 159 Luis Munoz Marin Biling,Elementary,31.6,Luis Liz,C ,13.2,EMS,D ,8.9,69.46,C ,9.5,A ,0,B
31R069,31,P.S. 069 Daniel D. Tompkins,Elementary,31.5,Doreen Murphy,C ,15.8,EMS,C ,4.6,25.01,D ,10.1,A ,1,C
05M133,5,P.S. 133 Fred R Moore,Elementary,31.5,Susan M. Vairo,C ,22.4,EMS,C ,4.9,62.31,D ,1.2,F ,3,C
09X070,9,P.S. 070 Max Schoenfeld,Elementary,31.4,Kerry Castellano,C ,21,EMS,C ,3.9,62.72,D ,5.5,C ,1,C
06M152,6,P.S. 152 Dyckman Valley,Elementary,31.3,Julia Pietri,C ,21,EMS,C ,7.3,63.62,C ,3,D ,0,B
11X121,11,P.S. 121 Throop,Elementary,31.2,Rachel Donnelly,C ,13.5,EMS,D ,7.1,50.52,C ,10,A ,0.5,B
32K376,32,P.S. 376,Elementary,31.2,Maria Vera,C ,6.1,EMS,F ,12.1,64.58,B ,12.4,A ,0.5,B
20K160,20,P.S. 160 William T. Sampson,Elementary,31.1,Margaret Russo,C ,16.1,EMS,C ,6.7,39.64,C ,8.3,B ,0,B
08X107,8,P.S. 107,Elementary,30.9,Katherine Hamm,C ,26.5,EMS,B ,0.7,61.3,F ,2.7,D ,1,D
19K013,19,P.S. 013 Roberto Clemente,Elementary,30.8,Barbara Ashby,C ,19,EMS,C ,6.2,61.59,C ,4.6,C ,1,C
27Q096,27,P.S. 096,Elementary,30.7,Joyce Walker,C ,15.5,EMS,C ,7,41.56,C ,7.2,B ,1,B
15K029,15,P.S. 029 John M. Harrigan,Elementary,30.7,Melanie Raneri Woods,C ,7,EMS,F ,13,18.64,B ,9.2,A ,1.5,A
32K274,32,P.S. 274 Kosciusko,Elementary,30.7,Maritza Ollivierra-Jones,C ,15.5,EMS,C ,6.6,63.71,C ,7.6,B ,1,A
16K005,16,P.S. 005 Dr. Ronald Mcnair,Elementary,30.7,Lena Gates,C ,16.5,EMS,C ,6.7,59.52,C ,3.5,D ,4,B
14K016,14,P.S. 016 Leonard Dunkly,Elementary,30.6,Mary Renny,C ,17.4,EMS,C ,5.8,61.45,C ,7.4,B ,0,C
07X154,7,P.S. 154 Jonathan D. Hyatt,Elementary,30.5,Marsha Elliott,C ,20,EMS,C ,5.4,66.83,D ,3.6,D ,1.5,C
21K095,21,P.S. 095 The Gravesend,K-8,30.5,Janet Ndzibah,C ,19.8,EMS,C ,3.5,38.84,D ,3.2,D ,4,C
20K179,20,P.S. 179 Kensington,Elementary,30.1,Valerie Joseph,C ,19.2,EMS,C ,4.3,44.62,D ,5.6,C ,1,C
12X196,12,P.S. 196,Elementary,30.1,Lizzette Rivera,C ,10.7,EMS,F ,8.5,62.56,C ,8.9,A ,2,B
02M003,2,P.S. 003 Charrette School,Elementary,30,Lisa Siegman,C ,5.7,EMS,F ,10.4,18.3,B ,8.9,A ,5,B
28Q054,28,P.S. 054 Hillside,Elementary,30,Anita Prashad,C ,19.5,EMS,C ,3.8,45.54,D ,5.2,C ,1.5,C
28Q140,28,P.S. 140 Edward K Ellington,Elementary,30,David Norment,C ,17,EMS,C ,6.4,58.97,C ,4.6,C ,2,C
10X023,10,P.S. 023 The New Children's School,K-2,29.9,Shirley Torres,B ,10.5,EC,B ,6.7,69.16,C ,7.6,B ,5,C
14K018,14,P.S. 018 Edward Bush,Elementary,29.9,Karen Ford,C ,13.2,EMS,D ,9,61.57,C ,7.7,B ,0,B
09X170,9,P.S. 170,K-2,29.9,Nancy Ramos,B ,7.7,EC,C ,9,61.09,B ,13.1,A ,0,B
19K174,19,P.S. 174 Dumont,K-8,29.8,Ingrid Mason,C ,19.5,EMS,C ,3.9,59.09,D ,3.9,C ,2.5,C
19K224,19,P.S. 224 Hale A. Woodruff,Elementary,29.8,George Andrews,C ,17.8,EMS,C ,5.1,59.58,D ,4.9,C ,2,B
27Q197,27,P.S. 197 The Ocean School,Elementary,29.7,Jean Mckeon,C ,17.7,EMS,C ,5.6,65.57,D ,4.4,C ,2,A
03M149,3,P.S. 149 Sojourner Truth,K-8,29.7,Kayrol Burgess Harper,C ,21.4,EMS,C ,3.4,60.24,D ,4.4,C ,0.5,B
15K169,15,P.S. 169 Sunset Park,Elementary,29.7,Josephine Santiago,C ,14.4,EMS,D ,6.5,48.89,C ,7.8,B ,1,B
11X087,11,P.S. 087 Bronx,Elementary,29.7,Donna Anaman,C ,23,EMS,C ,4,55.57,D ,2.7,D ,0,C
08X072,8,P.S. 072 Dr. William Dorney,Elementary,29.5,Margarita Colon,C ,21.1,EMS,C ,2.4,54.41,D ,6,B ,0,C
01M142,1,P.S. 142 Amalia Castro,Elementary,29.2,Rhonda Levy,C ,10.6,EMS,F ,7.1,63.39,C ,10,A ,1.5,B
28Q220,28,P.S. 220 Edward Mandel,Elementary,29.2,Josette Pizarro,C ,17.5,EMS,C ,3.1,37.66,D ,5.6,C ,3,A
06M115,6,P.S. 115 Alexander Humboldt,Elementary,29,Angela Rodriguez,C ,19,EMS,C ,5.3,67.63,D ,4.7,C ,0,C
23K073,23,P.S. 073 Thomas S. Boyland,K-8,29,Joelle Mcken,C ,18.8,EMS,C ,4,62.27,D ,5.2,C ,1,C
05M200,5,P.S. 200- The James Mccune Smith School,Elementary,28.8,Renee Y. Belton,C ,16.1,EMS,C ,5.9,60.74,C ,4.7,C ,2,B
08X333,8,P.S. 333 - The Museum School,Elementary,28.7,Arthur Brown,C ,15,EMS,D ,7.1,63.54,C ,6,B ,0.5,C
28Q101,28,P.S. 101 School in the Gardens,Elementary,28.7,Valerie Capitulo-Saide,C ,11.4,EMS,D ,9.3,15.3,C ,7,B ,1,B
12X092,12,P.S. 092 Bronx,Elementary,28.5,Manuel Estrella,C ,23.9,EMS,C ,2.3,64.94,D ,2.3,F ,0,B
31R003,31,P.S. 003 The Margaret Gioiosa School,Elementary,28.3,Judith Wilson,C ,15.4,EMS,C ,6.7,12.85,C ,3.7,D ,2.5,C
12X006,12,P.S. 006 West Farms,Elementary,28.3,Darlene Mcwhales,C ,22.4,EMS,C ,3.4,65.52,D ,1.5,F ,1,C
24Q007,24,P.S. 007 Louis F. Simeone,K-3,28.2,Sara Tucci,B ,8.7,EC,C ,8.3,44.59,B ,8.2,B ,3,B
23K165,23,P.S. 165 Ida Posner,K-8,28.1,Fran Ellers,C ,19.3,EMS,C ,1.4,58.58,F ,5.4,C ,2,C
23K178,23,P.S. 178 Saint Clair Mckelway,K-8,28.1,Joseph Frantz Henry,C ,12.5,EMS,D ,8.1,59.57,C ,6,C ,1.5,B
13K282,13,P.S. 282 Park Slope,K-8,28,Magalie Alexis,C ,15.2,EMS,C ,8.6,46.75,C ,3.2,D ,1,B
28Q082,28,P.S. 082 Hammond,Elementary,27.9,Dr. Angela Boykin,C ,13.6,EMS,D ,6.1,53.3,C ,7.1,B ,1,B
31R057,31,P.S. 057 Hubert H. Humphrey,Elementary,27.8,Sandra Barnes,C ,18.2,EMS,C ,4.3,62.15,D ,3.3,D ,2,A
11X175,11,P.S. 175 City Island,K-8,27.8,Amy Lipson,C ,13.2,EMS,D ,8.7,21.56,C ,5.4,C ,0.5,C
29Q033,29,P.S. 033 Edward M. Funk,Elementary,27.6,Erich Wagner,C ,10.8,EMS,F ,7.2,36.82,C ,9.6,A ,0,C
02M111,2,P.S. 111 Adolph S. Ochs,K-8,27.5,Irma Medina,C ,17.1,EMS,C ,4.4,53.29,D ,5,C ,1,B
09X230,9,P.S. 230 Dr Roland N. Patterson,Elementary,27.3,Rowena Penn-Jackson,C ,17.5,EMS,C ,3.8,68.04,D ,3.5,D ,2.5,C
09X163,9,P.S. 163 Arthur A. Schomburg,Elementary,27.2,Dilsia Martinez,C ,15.5,EMS,C ,6,67.41,C ,5.1,C ,0.5,C
03M163,3,P.S. 163 Alfred E. Smith,Elementary,27.1,Virginia Pepe,C ,9.8,EMS,F ,10.2,40.54,B ,7.1,B ,0,C
11X021,11,P.S. 021 Philip H. Sheridan,Elementary,27.1,Joyce Coleman,C ,18.1,EMS,C ,3.6,58.08,D ,3.4,D ,2,C
15K032,15,P.S. 032 Samuels Mills Sprole,Elementary,27,Deborah Ann Florio,C ,7.7,EMS,F ,8.4,58.77,C ,8.3,B ,2.5,A
01M015,1,P.S. 015 Roberto Clemente,Elementary,27,Irene Sanchez,C ,18,EMS,C ,2.1,63.61,D ,6.4,B ,0.5,C
18K233,18,P.S. 233 Langston Hughes,Elementary,26.8,Denean Stephens-Spellman,C ,13,EMS,D ,6.7,58.54,C ,7.1,B ,0,C
31R006,31,P.S. 6 Corporal Allan F. Kivlehan School,Elementary,26.8,Cynthia Difolco,C ,8,EMS,F ,7.1,18.59,C ,6.6,B ,5,C
02M198,2,P.S. 198 Isador E. Ida Straus,Elementary,26.7,Sharon Jeffrey Roebuck,C ,15.4,EMS,C ,7.4,46.21,C ,1.9,F ,2,B
10X207,10,P.S. 207,K-2,26.7,Maria Rosado,C ,8.1,EC,C ,7.8,59.62,B ,8.7,B ,2,C
27Q042,27,P.S. 042 R. Vernam,K-8,26.7,Stephanie Martin Okoase,C ,21,EMS,C ,4.2,59.57,D ,0,F ,1.5,C
29Q138,29,P.S. 138 Sunrise,K-8,26.6,James Mc Enaney,C ,17.1,EMS,C ,5.2,56.77,D ,3.8,C ,0.5,C
10X085,10,P.S. 085 Great Expectations,Elementary,26.3,Ted Husted,C ,19.8,EMS,C ,2.1,67.25,D ,4.4,C ,0,C
32K106,32,P.S. 106 Edward Everett Hale,Elementary,26.3,Robert Flores,C ,10.9,EMS,D ,7.4,64.99,C ,7,B ,1,B
22K109,22,P.S. 109,K-8,26.1,Joan Thomas,C ,13.4,EMS,D ,5.4,60.86,D ,5.8,C ,1.5,B
15K261,15,P.S. 261 Philip Livingston,Elementary,26.1,Zipporiah Mills,C ,9,EMS,F ,6.7,36.68,C ,6.9,B ,3.5,B
26Q115,26,P.S. 115 Glen Oaks,Elementary,26.1,James Ambrose,C ,9.4,EMS,F ,7.4,22.75,C ,6.8,B ,2.5,B
11X111,11,P.S. 111 Seton Falls,Elementary,26,Ava Fullenweider,C ,19.1,EMS,C ,3.5,61.86,D ,1.8,F ,1.5,C
01M064,1,P.S. 064 Robert Simon,Elementary,25.8,Marlon L. Hosang,C ,11.6,EMS,D ,4.5,60.73,D ,9.7,A ,0,C
14K132,14,P.S. 132 The Conselyea School,Elementary,25.8,Beth Lubeck,C ,4,EMS,F ,10.2,44.52,B ,10.6,A ,1,B
28Q117,28,P.S. 117 J. Keld / Briarwood School,Elementary,25.7,Paula Cunningham,C ,13.9,EMS,D ,7,39.22,C ,4.8,C ,0,B
29Q156,29,P.S. 156 Laurelton,K-8,25.6,Noreen Little,C ,17,EMS,C ,3.9,48.63,D ,3.7,C ,1,C
05M154,5,P.S. 154 Harriet Tubman,Elementary,25.6,Elizabeth Jarrett,D ,13.1,EMS,D ,4,65.41,D ,7.5,B ,1,C
10X310,10,P.S. 310 Marble Hill,Elementary,25.2,Elizabeth Cardona,D ,12,EMS,D ,6.6,59.51,C ,6.1,B ,0.5,A
13K067,13,P.S. 067 Charles A. Dorsey,Elementary,25.2,Corinne Seabrook,D ,8.6,EMS,F ,5.8,60.29,C ,9.8,A ,1,C
29Q035,29,P.S. 035 Nathaniel Woodhull,Elementary,25.1,Mark Dempsey,D ,17.7,EMS,C ,6,45.44,C ,1.4,F ,0,D
04M206,4,P.S. 206 Jose Celso Barbosa,Elementary,24.9,Myrna Rodriguez,D ,3.9,EMS,F ,10.1,65.51,B ,8.4,B ,2.5,C
10X306,10,P.S. 306,Elementary,24.9,Darryl Harrington,D ,14.9,EMS,D ,4,61,D ,5.5,C ,0.5,C
32K151,32,P.S. 151 Lyndon B. Johnson,Elementary,24.7,Maria Anaya,D ,11.8,EMS,D ,6.3,64.47,C ,6.1,B ,0.5,C
05M123,5,P.S. 123 Mahalia Jackson,K-8,24.3,Beverly Lewis,D ,15.7,EMS,C ,2.9,61.43,F ,5.2,C ,0.5,C
32K299,32,P.S. 299 Thomas Warren Field,Elementary,24.1,Wilma Kanova Kirk,D ,11.3,EMS,D ,5.2,60.65,D ,5.1,C ,2.5,B
28Q048,28,P.S. 048 William Wordsworth,Elementary,24.1,Patricia M. Mitchell,D ,12.9,EMS,D ,4.6,56.13,D ,5.6,C ,1,C
02M217,2,P.S./I.S. 217 Roosevelt Island,K-8,23.8,Mandana Beckman,D ,10.4,EMS,D ,6.1,32.42,C ,4.8,C ,2.5,B
01M140,1,P.S. 140 Nathan Straus,K-8,23.6,Esteban Barrientos,D ,9.6,EMS,D ,5.1,61.28,D ,8.4,B ,0.5,B
16K028,16,P.S. 028 The Warren Prep Academy,Elementary,23.4,Sadie Silver,D ,6.9,EMS,F ,4.8,59.31,D ,10.7,A ,1,B
09X058,9,P.S. 058,Elementary,23.3,Velma Gunn,D ,16.8,EMS,C ,4,66.87,D ,1.4,F ,1,C
31R052,31,P.S. 052 John C. Thompson,Elementary,23.1,Jane Mccord,D ,13.3,EMS,D ,3.2,25.31,D ,5.6,C ,1,C
27Q253,27,P.S. 253,Elementary,23,Robin Johnson,D ,8.2,EMS,F ,4.9,63.84,D ,9.9,A ,0,C
06M132,6,P.S. 132 Juan Pablo Duarte,Elementary,22.8,Xiomara Nova,D ,8,EMS,F ,4.4,66.98,D ,7.9,B ,2.5,B
10X054,10,P.S. / I.S. 54,Elementary,22.6,Maribelle Nunez-Pardo,D ,14.3,EMS,D ,5.2,66.74,D ,2.1,F ,1,C
22K361,22,P.S. 361 East Flatbush Early Childhood School,K-2,22.3,Dianne S. Martin,C ,7,EC,C ,7.7,58.76,B ,5.6,D ,2,C
09X236,9,P.S. 236 Langston Hughes,K-2,22.1,Beverly Ellis,C ,7.2,EC,C ,5.3,67.56,C ,8.6,B ,1,B
17K091,17,P.S. 091 The Albany Avenue School,Elementary,21.4,Tessa Alleyne,D ,8.4,EMS,F ,7.3,67.08,C ,4.2,C ,1.5,C
09X011,9,P.S. 011 Highbridge,Elementary,21.2,Elizabeth Hachar,D ,14,EMS,D ,3.8,64.69,D ,2.9,D ,0.5,B
31R014,31,P.S. 014 Cornelius Vanderbilt,Elementary,21.2,Nancy Hargett,D ,14.3,EMS,D ,1.3,59.62,F ,4.6,C ,1,C
30Q148,30,P.S. 148 Queens,Elementary,21.2,Andrew Paccione Jr.,D ,7,EMS,F ,5.9,53.72,C ,7.3,B ,1,B
08X014,8,P.S. X014 Senator John Calandra,Elementary,21.1,Ira Schulman,D ,8.1,EMS,F ,4.7,39.93,D ,5.3,C ,3,C
07X029,7,P.S./M.S. 029 Melrose School,K-8,21.1,Meredith Gotlin,D ,11.3,EMS,D ,4,60.35,D ,5.3,C ,0.5,C
31R060,31,P.S. 060 Alice Austen,Elementary,21,Bonnie Ferretti,D ,6.7,EMS,F ,5.4,32.35,D ,7.4,B ,1.5,C
07X001,7,P.S. 001 Courtlandt School,Elementary,20.7,Jorge Perdomo,D ,11,EMS,D ,4.7,67.67,D ,5,C ,0,C
27Q223,27,P.S. 223 Lyndon B. Johnson,Elementary,20.6,Deborah Otto,D ,7,EMS,F ,5.3,54.63,D ,5.8,C ,2.5,B
17K161,17,P.S. 161 The Crown,K-8,20.4,Ms. Deborah Barrett,D ,10.8,EMS,D ,5,51.9,D ,4.6,C ,0,C
03M185,3,P.S. 185 John M. Langston,K-2,20.2,Jane Murphy,C ,6.9,EC,C ,4.5,59.28,C ,8.8,B ,0,C
07X224,7,P.S. / I.S. 224,Middle,20.1,Sojourner Welch,D ,15,EMS,C ,3.2,2.05,F ,0.4,F ,1.5,B
19K328,19,P.S. 328 Phyllis Wheatley,K-8,19.9,Douglas Avila,D ,9.4,EMS,D ,3.4,65.93,D ,6.6,B ,0.5,B
05M194,5,P.S. 194 Countee Cullen,Elementary,19.5,Charyn Koppelson Cleary,D ,16,EMS,C ,0.8,67.77,F ,1.2,F ,1.5,C
05M030,5,P.S. 030 Hernandez/Hughes,Elementary,19.5,Teri Stinson,D ,12.7,EMS,D ,1.4,64.81,F ,4.4,C ,1,A
19K213,19,P.S. 213 New Lots,Elementary,19.4,Anne Lee Bernard,D ,7,EMS,F ,7.5,62.56,C ,4.3,C ,0.5,C
03M208,3,P.S. 208 Alain L. Locke,Elementary,19.2,Susan M. Green,D ,7.8,EMS,F ,3.6,63.75,D ,7.8,B ,0,C
12X061,12,P.S. 061 Francisco Oller,Elementary,19.1,Patricia Quigley,D ,2,EMS,F ,5.1,61.48,D ,11.9,A ,0,C
30Q151,30,P.S. 151 Mary D. Carter,Elementary,19,Jason Goldner,D ,15,EMS,D ,1.8,51.27,D ,1.7,F ,0.5,C
29Q181,29,P.S. 181 Brookfield,Elementary,18.9,Andrea Belcher,D ,13.2,EMS,D ,0.8,55.52,F ,4.9,C ,0,C
09X064,9,P.S. 064 Pura Belpre,Elementary,18.8,Tara Obrien,D ,10.3,EMS,F ,1.9,69.92,D ,6.6,B ,0,C
31R054,31,P.S. 054 Charles W. Leng,Elementary,18.6,Anna Castley,D ,5.7,EMS,F ,6.5,30.49,C ,5.9,C ,0.5,C
11X112,11,P.S. 112 Bronxwood,Elementary,18.3,Susan Barnes,D ,8.5,EMS,F ,2.6,63.21,D ,5.7,C ,1.5,A
16K308,16,P.S. 308 Clara Cardwell,K-8,18.3,Renata Clement,D ,7.2,EMS,F ,5.3,58.83,D ,4.8,C ,1,C
28Q080,28,P.S. 080 Thurgood Marshall Magnet,Elementary,17.9,Paulette Glenn,F ,4.6,EMS,F ,4.9,58.6,D ,8.4,B ,0,C
28Q182,28,P.S. 182 Samantha Smith,K-2,17.9,Andrew Todd Topol,C ,4.4,EC,D ,3.6,51.25,D ,6.8,C ,3,D
27Q215,27,P.S. 215 Lucretia Mott,Elementary,17.9,Susan Rippe Hofmann,F ,9.8,EMS,F ,2.8,64.03,D ,3.7,D ,1.5,D
01M137,1,P.S. 137 John L. Bernstein,Elementary,17.6,Melissa Rodriguez,F ,6.7,EMS,F ,4.8,57.88,D ,5.1,C ,1,C
09X114,9,P.S. X114 - Luis Llorens Torres Schools,Elementary,17.5,Olivia Francis-Webber,F ,8.3,EMS,F ,1.9,64.79,D ,6.7,B ,0.5,B
17K022,17,P.S. 022,Elementary,17.3,Carlen Padmore-Gateau,F ,9.5,EMS,F ,4,65.27,D ,2.2,F ,1.5,C
13K256,13,P.S. 256 Benjamin Banneker,Elementary,16.6,Sharyn Hemphill,F ,8,EMS,F ,4.8,60.25,D ,2.7,D ,1,C
07X277,7,P.S. 277,Elementary,15.7,Cheryl Tyler,F ,5,EMS,F ,2,65.68,D ,8.7,A ,0,C
31R056,31,P.S. 56 The Louis Desario School,Elementary,14.9,Dean Scali,C ,4,EMS,F ,6.2,16.71,C ,3.7,D ,1,C
19K202,19,P.S. 202 Ernest S. Jenkyns,K-8,14.5,Pauline Smith-Gayle,D ,5.4,EMS,F ,5,59.5,D ,4.1,C ,0,C
03M084,3,P.S. 084 Lillian Weber,Elementary,14.3,Robin Sundick,F ,8.2,EMS,F ,2.6,43.74,D ,3.5,D ,0,C
18K272,18,P.S. 272 Curtis Estabrook,Elementary,14.2,Dakota Keyes,F ,5.4,EMS,F ,4.2,62.58,D ,4.1,C ,0.5,C
23K298,23,P.S. 298 Dr. Betty Shabazz,K-8,13.6,Antoinette Martin,F ,9.9,EMS,D ,1,61.54,F ,1.7,F ,1,C
07X179,7,P.S. 179,Elementary,13.4,Sherry Font Williams,F ,0.1,EMS,F ,5.1,66.48,D ,7.7,B ,0.5,C
05M197,5,P.S. 197 John B. Russwurm,Elementary,11.9,Renardo Wright,F ,0,EMS,F ,2.6,60.13,D ,7.3,B ,2,B
14K019,14,P.S. 019 Roberto Clemente,Elementary,9,Maria Witherspoon,F ,0.7,EMS,F ,0.7,63.06,F ,6.6,B ,1,D
19K306,19,P.S. 306 Ethan Allen,K-8,7.1,Lawrence Burroughs,F ,1.9,EMS,F ,2.8,60.79,F ,2.4,D ,0,B
32K377,32,P.S. 377 Alejandrina B. De Gautier,K-8,4.6,Dominic Zagami,F ,0,EMS,F ,2.8,59.61,F ,1.8,F ,0,B
12X102,12,P.S. 102 Joseph O. Loretan,Elementary,,Tanyua Trezevantte,,,EMS,,,63.04,,,,,C
27Q225,27,P.S. 225 Seaside,Middle,,Tammy Holloway,,,EMS,,,2.45,,,,,
19K072,19,P.S./I.S. 072 Annette P Goldman,Middle,,Valena Welch Woodley,,,EMS,,,1.87,,,,,
09X090,9,P.S. 090 George Meany,Elementary,,Joan Kong,,,EMS,,,61.31,,,,,
28Q030,28,P.S. 030 Queens,Elementary,,Dwayne Crowder,,,EMS,,,56.3,,,,,D
12X198,12,P.S. 198,Elementary,,Judy Hunt-Hutchings,,,EMS,,,68.74,,,,,
23K332,23,P.S. 332 Charles H. Houston,K-8,,Mickisha Goss,,,EMS,,,62.57,,,,,F
19K260,19,P.S. 260 Breuckelen,Elementary,,Pierre Raymond,,,EMS,,,60.07,,,,,D
09X002,9,P.S. 002 Morrisania,Elementary,,Lisa Debonis,,,EMS,,,76.52,,,,,
10X079,10,P.S. 079 Creston,Middle,,Angelyn Donald,,,EMS,,,2.07,,,,,
